,Position,Track Name,Artist,Streams,URL,danceability,energy,key,loudness,mode,speechiness,acousticness,instrumentalness,liveness,valence,tempo,type,id,uri,analysis_url,duration_ms,time_signature
0,1,DÁKITI,Bad Bunny,191175,https://open.spotify.com/track/4MzXwWMhyBbmu6hOcLVD49,0.731,0.573,4.0,-10.059,0.0,0.0544,0.401,5.22e-05,0.113,0.145,109.928,audio_features,4MzXwWMhyBbmu6hOcLVD49,spotify:track:4MzXwWMhyBbmu6hOcLVD49,https://api.spotify.com/v1/audio-analysis/4MzXwWMhyBbmu6hOcLVD49,205090.0,4.0
1,2,LA NOCHE DE ANOCHE,Bad Bunny,153461,https://open.spotify.com/track/2XIc1pqjXV3Cr2BQUGNBck,0.856,0.618,7.0,-4.8919999999999995,1.0,0.28600000000000003,0.0303,0.0,0.0866,0.391,81.993,audio_features,2XIc1pqjXV3Cr2BQUGNBck,spotify:track:2XIc1pqjXV3Cr2BQUGNBck,https://api.spotify.com/v1/audio-analysis/2XIc1pqjXV3Cr2BQUGNBck,203201.0,4.0
2,3,Bandido,Myke Towers,126529,https://open.spotify.com/track/1xK1Gg9SxG8fy2Ya373oqb,0.713,0.617,8.0,-4.637,1.0,0.0887,0.122,0.0,0.0962,0.682,168.021,audio_features,1xK1Gg9SxG8fy2Ya373oqb,spotify:track:1xK1Gg9SxG8fy2Ya373oqb,https://api.spotify.com/v1/audio-analysis/1xK1Gg9SxG8fy2Ya373oqb,232853.0,4.0
3,4,BICHOTA,KAROL G,108315,https://open.spotify.com/track/7vrJn5hDSXRmdXoR30KgF1,0.863,0.6659999999999999,1.0,-4.158,0.0,0.152,0.212,0.000493,0.10300000000000001,0.838,163.908,audio_features,7vrJn5hDSXRmdXoR30KgF1,spotify:track:7vrJn5hDSXRmdXoR30KgF1,https://api.spotify.com/v1/audio-analysis/7vrJn5hDSXRmdXoR30KgF1,178947.0,4.0
4,5,BOOKER T,Bad Bunny,101055,https://open.spotify.com/track/26w9NTiE9NGjW1ZvIOd1So,0.883,0.6,7.0,-7.188,1.0,0.37,0.114,7.94e-06,0.0931,0.691,113.90299999999999,audio_features,26w9NTiE9NGjW1ZvIOd1So,spotify:track:26w9NTiE9NGjW1ZvIOd1So,https://api.spotify.com/v1/audio-analysis/26w9NTiE9NGjW1ZvIOd1So,156430.0,4.0
5,6,Reloj,Rauw Alejandro,94787,https://open.spotify.com/track/4loQgPwJHocL3dFwLfjb1J,0.823,0.537,8.0,-2.627,1.0,0.21100000000000002,0.17600000000000002,3.75e-06,0.124,0.608,175.965,audio_features,4loQgPwJHocL3dFwLfjb1J,spotify:track:4loQgPwJHocL3dFwLfjb1J,https://api.spotify.com/v1/audio-analysis/4loQgPwJHocL3dFwLfjb1J,231595.0,4.0
6,7,La Nota,Manuel Turizo,90220,https://open.spotify.com/track/7ndTONDDRFGiPnnhOzOXxq,0.736,0.632,11.0,-4.939,0.0,0.0648,0.18,0.0,0.349,0.503,92.03,audio_features,7ndTONDDRFGiPnnhOzOXxq,spotify:track:7ndTONDDRFGiPnnhOzOXxq,https://api.spotify.com/v1/audio-analysis/7ndTONDDRFGiPnnhOzOXxq,216107.0,4.0
7,8,TE MUDASTE,Bad Bunny,86812,https://open.spotify.com/track/5RubKOuDoPn5Kj5TLVxSxY,0.8109999999999999,0.637,10.0,-4.835,0.0,0.0591,0.23399999999999999,0.000572,0.11800000000000001,0.47100000000000003,92.025,audio_features,5RubKOuDoPn5Kj5TLVxSxY,spotify:track:5RubKOuDoPn5Kj5TLVxSxY,https://api.spotify.com/v1/audio-analysis/5RubKOuDoPn5Kj5TLVxSxY,130014.0,4.0
8,9,Hecha Pa' Mi,Boza,76854,https://open.spotify.com/track/3VvA1wSxukMLsvXoXtlwWx,0.725,0.7559999999999999,4.0,-5.013,1.0,0.0572,0.36200000000000004,0.000685,0.10300000000000001,0.828,100.07,audio_features,3VvA1wSxukMLsvXoXtlwWx,spotify:track:3VvA1wSxukMLsvXoXtlwWx,https://api.spotify.com/v1/audio-analysis/3VvA1wSxukMLsvXoXtlwWx,186133.0,4.0
9,10,Teteo - Remix,El Fecho RD,75387,https://open.spotify.com/track/0oBE11LSGSaccEBtk4lJEe,0.856,0.655,1.0,-2.305,1.0,0.125,0.0215,5.2000000000000004e-05,0.127,0.512,116.999,audio_features,0oBE11LSGSaccEBtk4lJEe,spotify:track:0oBE11LSGSaccEBtk4lJEe,https://api.spotify.com/v1/audio-analysis/0oBE11LSGSaccEBtk4lJEe,203098.0,4.0
10,11,La Tóxica,Farruko,71076,https://open.spotify.com/track/15OjBeqNX3bShsGYQbteRv,0.659,0.701,9.0,-4.107,1.0,0.16399999999999998,0.0882,0.0,0.0866,0.623,91.97,audio_features,15OjBeqNX3bShsGYQbteRv,spotify:track:15OjBeqNX3bShsGYQbteRv,https://api.spotify.com/v1/audio-analysis/15OjBeqNX3bShsGYQbteRv,180520.0,4.0
11,12,Una Locura,Ozuna,70832,https://open.spotify.com/track/5y7DaS3jAc9eZzcSOoUIwU,0.7140000000000001,0.7609999999999999,5.0,-4.596,0.0,0.0427,0.139,0.00035,0.24100000000000002,0.9059999999999999,168.02200000000002,audio_features,5y7DaS3jAc9eZzcSOoUIwU,spotify:track:5y7DaS3jAc9eZzcSOoUIwU,https://api.spotify.com/v1/audio-analysis/5y7DaS3jAc9eZzcSOoUIwU,230693.0,4.0
12,13,Hawái,Maluma,69452,https://open.spotify.com/track/1yoMvmasuxZfqHEipJhRbp,0.7829999999999999,0.727,6.0,-3.4539999999999997,0.0,0.389,0.185,2.46e-05,0.0626,0.5579999999999999,180.067,audio_features,1yoMvmasuxZfqHEipJhRbp,spotify:track:1yoMvmasuxZfqHEipJhRbp,https://api.spotify.com/v1/audio-analysis/1yoMvmasuxZfqHEipJhRbp,199112.0,4.0
13,14,Mi Niña,Wisin,69143,https://open.spotify.com/track/2bgcUk2A3jjKbCJ7KPquTi,0.823,0.821,8.0,-3.4019999999999997,0.0,0.166,0.31,4.28e-06,0.14300000000000002,0.7909999999999999,99.999,audio_features,2bgcUk2A3jjKbCJ7KPquTi,spotify:track:2bgcUk2A3jjKbCJ7KPquTi,https://api.spotify.com/v1/audio-analysis/2bgcUk2A3jjKbCJ7KPquTi,213314.0,4.0
14,15,La Curiosidad,Jay Wheeler,68012,https://open.spotify.com/track/4HYDUMY0xSpeBr0AMY9cUz,0.845,0.677,11.0,-4.798,0.0,0.136,0.26899999999999996,0.000917,0.10800000000000001,0.68,90.01299999999999,audio_features,4HYDUMY0xSpeBr0AMY9cUz,spotify:track:4HYDUMY0xSpeBr0AMY9cUz,https://api.spotify.com/v1/audio-analysis/4HYDUMY0xSpeBr0AMY9cUz,219048.0,4.0
15,16,HACIENDO QUE ME AMAS,Bad Bunny,67785,https://open.spotify.com/track/26QApq0cuO9brJigr0C0W4,0.584,0.41100000000000003,10.0,-7.147,0.0,0.0838,0.8690000000000001,4.47e-05,0.0955,0.41200000000000003,169.93400000000003,audio_features,26QApq0cuO9brJigr0C0W4,spotify:track:26QApq0cuO9brJigr0C0W4,https://api.spotify.com/v1/audio-analysis/26QApq0cuO9brJigr0C0W4,217769.0,4.0
16,17,Despeinada,Ozuna,59875,https://open.spotify.com/track/0JAZWvvqttGFm4UMDsPQXC,0.7340000000000001,0.775,8.0,-3.855,1.0,0.0614,0.18600000000000003,0.000542,0.12300000000000001,0.72,166.03900000000002,audio_features,0JAZWvvqttGFm4UMDsPQXC,spotify:track:0JAZWvvqttGFm4UMDsPQXC,https://api.spotify.com/v1/audio-analysis/0JAZWvvqttGFm4UMDsPQXC,224187.0,4.0
17,18,Nataly,Ceky Viciny,59661,https://open.spotify.com/track/05lNOE0iWEcHRFD2lZuZZE,0.882,0.92,1.0,-1.1079999999999999,1.0,0.0506,0.154,0.00324,0.293,0.76,107.98899999999999,audio_features,05lNOE0iWEcHRFD2lZuZZE,spotify:track:05lNOE0iWEcHRFD2lZuZZE,https://api.spotify.com/v1/audio-analysis/05lNOE0iWEcHRFD2lZuZZE,268385.0,4.0
18,19,CÓMO SE SIENTE - Remix,Jhay Cortez,57780,https://open.spotify.com/track/2tFwfmceQa1Y6nRPhYbEtC,0.807,0.606,3.0,-8.871,0.0,0.08800000000000001,0.0946,0.0,0.11900000000000001,0.304,92.988,audio_features,2tFwfmceQa1Y6nRPhYbEtC,spotify:track:2tFwfmceQa1Y6nRPhYbEtC,https://api.spotify.com/v1/audio-analysis/2tFwfmceQa1Y6nRPhYbEtC,227520.0,4.0
19,20,UN DIA (ONE DAY) (Feat. Tainy),J Balvin,57506,https://open.spotify.com/track/0EhpEsp4L0oRGM0vmeaN5e,0.5710000000000001,0.693,6.0,-8.234,0.0,0.0545,0.00536,0.0,0.17300000000000001,0.39299999999999996,168.169,audio_features,0EhpEsp4L0oRGM0vmeaN5e,spotify:track:0EhpEsp4L0oRGM0vmeaN5e,https://api.spotify.com/v1/audio-analysis/0EhpEsp4L0oRGM0vmeaN5e,232253.0,4.0
20,21,YO VISTO ASÍ,Bad Bunny,56833,https://open.spotify.com/track/5fROvzNghPid8mbKNDYvpJ,0.688,0.8809999999999999,7.0,-4.888999999999999,0.0,0.0474,0.0947,0.0,0.0804,0.677,123.01299999999999,audio_features,5fROvzNghPid8mbKNDYvpJ,spotify:track:5fROvzNghPid8mbKNDYvpJ,https://api.spotify.com/v1/audio-analysis/5fROvzNghPid8mbKNDYvpJ,191526.0,4.0
21,22,Relación - Remix,Sech,55753,https://open.spotify.com/track/35UUpTmrcFXNIVIN26ujXl,0.7929999999999999,0.7709999999999999,5.0,-3.417,1.0,0.0959,0.0337,1.51e-06,0.284,0.835,171.94299999999998,audio_features,35UUpTmrcFXNIVIN26ujXl,spotify:track:35UUpTmrcFXNIVIN26ujXl,https://api.spotify.com/v1/audio-analysis/35UUpTmrcFXNIVIN26ujXl,247308.0,4.0
22,23,HOY COBRÉ,Bad Bunny,55239,https://open.spotify.com/track/0tjZv2hChdHZCW1zFXpy1J,0.86,0.725,11.0,-6.7,1.0,0.249,0.0464,9.1e-05,0.0994,0.375,145.001,audio_features,0tjZv2hChdHZCW1zFXpy1J,spotify:track:0tjZv2hChdHZCW1zFXpy1J,https://api.spotify.com/v1/audio-analysis/0tjZv2hChdHZCW1zFXpy1J,162151.0,4.0
23,24,drivers license,Olivia Rodrigo,54485,https://open.spotify.com/track/7lPN2DXiMsVn7XUKtOW1CS,0.585,0.436,10.0,-8.761000000000001,1.0,0.0601,0.721,1.31e-05,0.105,0.132,143.874,audio_features,7lPN2DXiMsVn7XUKtOW1CS,spotify:track:7lPN2DXiMsVn7XUKtOW1CS,https://api.spotify.com/v1/audio-analysis/7lPN2DXiMsVn7XUKtOW1CS,242014.0,4.0
24,25,Tattoo - Remix with Camilo,Rauw Alejandro,51343,https://open.spotify.com/track/4G3PTss3mU33Tau7t4KbwE,0.721,0.637,9.0,-5.1339999999999995,1.0,0.28600000000000003,0.0406,0.0,0.0525,0.691,193.922,audio_features,4G3PTss3mU33Tau7t4KbwE,spotify:track:4G3PTss3mU33Tau7t4KbwE,https://api.spotify.com/v1/audio-analysis/4G3PTss3mU33Tau7t4KbwE,222680.0,4.0
25,26,Todo o Nada,Eladio Carrion,50186,https://open.spotify.com/track/2zdHRQTOBDk8mM8xBzziFh,0.648,0.795,4.0,-5.188,1.0,0.21,0.37,0.0,0.133,0.1,85.236,audio_features,2zdHRQTOBDk8mM8xBzziFh,spotify:track:2zdHRQTOBDk8mM8xBzziFh,https://api.spotify.com/v1/audio-analysis/2zdHRQTOBDk8mM8xBzziFh,159704.0,4.0
26,27,120,Bad Bunny,50143,https://open.spotify.com/track/3KJ3opyV29269SXkPrc19l,0.636,0.6559999999999999,2.0,-5.542000000000001,0.0,0.0676,0.451,7.97e-06,0.287,0.439,171.918,audio_features,3KJ3opyV29269SXkPrc19l,spotify:track:3KJ3opyV29269SXkPrc19l,https://api.spotify.com/v1/audio-analysis/3KJ3opyV29269SXkPrc19l,151506.0,4.0
27,28,Singapur (Remix),El Alfa,49065,https://open.spotify.com/track/0lCHRVlRZCEyLj3Gkc1nv1,0.8640000000000001,0.7659999999999999,2.0,-5.915,1.0,0.158,0.452,0.00042800000000000005,0.0811,0.653,112.98700000000001,audio_features,0lCHRVlRZCEyLj3Gkc1nv1,spotify:track:0lCHRVlRZCEyLj3Gkc1nv1,https://api.spotify.com/v1/audio-analysis/0lCHRVlRZCEyLj3Gkc1nv1,287788.0,4.0
28,29,BEBÉ,Camilo,48766,https://open.spotify.com/track/7D7EH7MGyNHWSkqrszerI1,0.862,0.72,4.0,-4.048,1.0,0.0379,0.48700000000000004,1.19e-06,0.0604,0.965,129.972,audio_features,7D7EH7MGyNHWSkqrszerI1,spotify:track:7D7EH7MGyNHWSkqrszerI1,https://api.spotify.com/v1/audio-analysis/7D7EH7MGyNHWSkqrszerI1,198707.0,4.0
29,30,"Mi Patron, Mi Papa (Remix)",El Alfa,47509,https://open.spotify.com/track/4OiQdjeghmXFxALStZ7Bpc,0.929,0.8,2.0,-4.254,1.0,0.0472,0.126,0.11599999999999999,0.317,0.615,119.979,audio_features,4OiQdjeghmXFxALStZ7Bpc,spotify:track:4OiQdjeghmXFxALStZ7Bpc,https://api.spotify.com/v1/audio-analysis/4OiQdjeghmXFxALStZ7Bpc,186000.0,4.0
30,31,La Jeepeta - Remix,Nio Garcia,47197,https://open.spotify.com/track/6bvfJf4KjonPMuPfGfy3S2,0.8140000000000001,0.7140000000000001,4.0,-4.65,0.0,0.207,0.297,4.89e-06,0.091,0.789,176.013,audio_features,6bvfJf4KjonPMuPfGfy3S2,spotify:track:6bvfJf4KjonPMuPfGfy3S2,https://api.spotify.com/v1/audio-analysis/6bvfJf4KjonPMuPfGfy3S2,345241.0,4.0
31,32,"Ay, DiOs Mío!",KAROL G,45090,https://open.spotify.com/track/7x4ASXYEKfQBCewcZhK776,0.718,0.7120000000000001,11.0,-4.3660000000000005,1.0,0.174,0.512,0.00121,0.10400000000000001,0.531,180.03400000000002,audio_features,7x4ASXYEKfQBCewcZhK776,spotify:track:7x4ASXYEKfQBCewcZhK776,https://api.spotify.com/v1/audio-analysis/7x4ASXYEKfQBCewcZhK776,189653.0,4.0
32,33,Jeans,Justin Quiles,44370,https://open.spotify.com/track/3GtnId3Cm1Xa6joCj08nzW,0.807,0.6559999999999999,3.0,-4.395,0.0,0.105,0.0165,0.0,0.0693,0.89,83.943,audio_features,3GtnId3Cm1Xa6joCj08nzW,spotify:track:3GtnId3Cm1Xa6joCj08nzW,https://api.spotify.com/v1/audio-analysis/3GtnId3Cm1Xa6joCj08nzW,185840.0,4.0
33,34,LA DROGA,Bad Bunny,43287,https://open.spotify.com/track/67ACYA3UI6QMNtHX6b34wX,0.643,0.727,1.0,-5.506,1.0,0.0389,0.0439,0.0,0.12300000000000001,0.295,90.01899999999999,audio_features,67ACYA3UI6QMNtHX6b34wX,spotify:track:67ACYA3UI6QMNtHX6b34wX,https://api.spotify.com/v1/audio-analysis/67ACYA3UI6QMNtHX6b34wX,162299.0,4.0
34,35,Vida de Rico,Camilo,42633,https://open.spotify.com/track/73nAK3HgQK8dak83Y2WQ8F,0.8240000000000001,0.457,6.0,-5.428,1.0,0.0543,0.16699999999999998,0.0,0.040999999999999995,0.95,87.977,audio_features,73nAK3HgQK8dak83Y2WQ8F,spotify:track:73nAK3HgQK8dak83Y2WQ8F,https://api.spotify.com/v1/audio-analysis/73nAK3HgQK8dak83Y2WQ8F,187427.0,4.0
35,36,El Juidero,Chimbala,42633,https://open.spotify.com/track/4qA7v5wFrYBgR83vYZdsqx,0.759,0.838,11.0,-3.284,1.0,0.0797,0.125,0.0168,0.063,0.674,95.04799999999999,audio_features,4qA7v5wFrYBgR83vYZdsqx,spotify:track:4qA7v5wFrYBgR83vYZdsqx,https://api.spotify.com/v1/audio-analysis/4qA7v5wFrYBgR83vYZdsqx,167372.0,4.0
36,37,TE DESEO LO MEJOR,Bad Bunny,42191,https://open.spotify.com/track/23XjN1s3DZC8Q9ZwuorYY4,0.763,0.597,1.0,-5.053999999999999,1.0,0.0416,0.158,1.83e-05,0.111,0.19399999999999998,126.054,audio_features,23XjN1s3DZC8Q9ZwuorYY4,spotify:track:23XjN1s3DZC8Q9ZwuorYY4,https://api.spotify.com/v1/audio-analysis/23XjN1s3DZC8Q9ZwuorYY4,139576.0,4.0
37,38,ANTES QUE SE ACABE,Bad Bunny,41901,https://open.spotify.com/track/7kjEqI6eZ7YlFrGhxixnlN,0.693,0.5489999999999999,2.0,-6.098,1.0,0.0577,0.505,4.73e-05,0.324,0.473,139.988,audio_features,7kjEqI6eZ7YlFrGhxixnlN,spotify:track:7kjEqI6eZ7YlFrGhxixnlN,https://api.spotify.com/v1/audio-analysis/7kjEqI6eZ7YlFrGhxixnlN,221187.0,4.0
38,39,Scarface,El Alfa,41867,https://open.spotify.com/track/0NMfbBpDkMp4WnAOnRFoiw,0.903,0.733,11.0,-5.144,0.0,0.102,0.11199999999999999,4.46e-05,0.233,0.439,130.054,audio_features,0NMfbBpDkMp4WnAOnRFoiw,spotify:track:0NMfbBpDkMp4WnAOnRFoiw,https://api.spotify.com/v1/audio-analysis/0NMfbBpDkMp4WnAOnRFoiw,225231.0,4.0
39,40,Parce (feat. Justin Quiles),Maluma,41545,https://open.spotify.com/track/4RJz8NfIe09gpKMiRUWKhJ,0.691,0.7390000000000001,5.0,-3.09,0.0,0.22899999999999998,0.42200000000000004,3.95e-06,0.11,0.884,83.897,audio_features,4RJz8NfIe09gpKMiRUWKhJ,spotify:track:4RJz8NfIe09gpKMiRUWKhJ,https://api.spotify.com/v1/audio-analysis/4RJz8NfIe09gpKMiRUWKhJ,248345.0,4.0
40,41,Caramelo,Ozuna,40535,https://open.spotify.com/track/5Jm4w8jmPEBTLjI9vH4fXo,0.735,0.7909999999999999,6.0,-4.462,1.0,0.0679,0.0529,0.000146,0.145,0.6970000000000001,168.08700000000002,audio_features,5Jm4w8jmPEBTLjI9vH4fXo,spotify:track:5Jm4w8jmPEBTLjI9vH4fXo,https://api.spotify.com/v1/audio-analysis/5Jm4w8jmPEBTLjI9vH4fXo,217240.0,4.0
41,42,Mi Cuarto,Jerry Di,39887,https://open.spotify.com/track/6fmQjRuo7XvRFCK2qex5hQ,0.8540000000000001,0.525,1.0,-4.426,1.0,0.214,0.8190000000000001,0.0,0.146,0.63,97.054,audio_features,6fmQjRuo7XvRFCK2qex5hQ,spotify:track:6fmQjRuo7XvRFCK2qex5hQ,https://api.spotify.com/v1/audio-analysis/6fmQjRuo7XvRFCK2qex5hQ,197587.0,4.0
42,43,Polvo,Nicky Jam,39807,https://open.spotify.com/track/68mrW6gXHgupgSiDHgaDi5,0.763,0.621,11.0,-6.169,0.0,0.066,0.0105,2.94e-06,0.106,0.5820000000000001,82.042,audio_features,68mrW6gXHgupgSiDHgaDi5,spotify:track:68mrW6gXHgupgSiDHgaDi5,https://api.spotify.com/v1/audio-analysis/68mrW6gXHgupgSiDHgaDi5,211130.0,4.0
43,44,Privity,Haraca Kiko,38940,https://open.spotify.com/track/5STCo0NvLGRAAIgpV3bpaa,0.835,0.718,11.0,-3.549,1.0,0.20199999999999999,0.00132,0.0123,0.0897,0.728,114.102,audio_features,5STCo0NvLGRAAIgpV3bpaa,spotify:track:5STCo0NvLGRAAIgpV3bpaa,https://api.spotify.com/v1/audio-analysis/5STCo0NvLGRAAIgpV3bpaa,185263.0,4.0
44,45,SORRY PAPI,Bad Bunny,38535,https://open.spotify.com/track/5jZ32WOU7sqzDYbzINwMUk,0.612,0.561,1.0,-6.053999999999999,1.0,0.0851,0.0601,0.0,0.145,0.39299999999999996,191.91099999999997,audio_features,5jZ32WOU7sqzDYbzINwMUk,spotify:track:5jZ32WOU7sqzDYbzINwMUk,https://api.spotify.com/v1/audio-analysis/5jZ32WOU7sqzDYbzINwMUk,163053.0,4.0
45,46,Del Mar,Ozuna,38361,https://open.spotify.com/track/5cpJFiNwYyWwFLH0V6B3N8,0.759,0.636,6.0,-5.585,1.0,0.0369,0.0224,0.000143,0.166,0.536,109.976,audio_features,5cpJFiNwYyWwFLH0V6B3N8,spotify:track:5cpJFiNwYyWwFLH0V6B3N8,https://api.spotify.com/v1/audio-analysis/5cpJFiNwYyWwFLH0V6B3N8,214507.0,4.0
46,47,Progreso,Eladio Carrion,38097,https://open.spotify.com/track/3KZjrz47rzU8D6EpGTXKr2,0.736,0.6940000000000001,0.0,-5.202000000000001,0.0,0.0698,0.741,0.0,0.0772,0.7170000000000001,134.957,audio_features,3KZjrz47rzU8D6EpGTXKr2,spotify:track:3KZjrz47rzU8D6EpGTXKr2,https://api.spotify.com/v1/audio-analysis/3KZjrz47rzU8D6EpGTXKr2,199834.0,4.0
47,48,Los Bo,Jhay Cortez,36075,https://open.spotify.com/track/71CIZGbBZR71GfQFB8c2xU,0.7879999999999999,0.711,4.0,-5.317,0.0,0.0674,0.43,0.000383,0.242,0.679,124.92200000000001,audio_features,71CIZGbBZR71GfQFB8c2xU,spotify:track:71CIZGbBZR71GfQFB8c2xU,https://api.spotify.com/v1/audio-analysis/71CIZGbBZR71GfQFB8c2xU,239120.0,4.0
48,49,Tata,Eladio Carrion,35794,https://open.spotify.com/track/4h4ZykphGhv6HoomNndhm3,0.722,0.705,0.0,-6.752999999999999,0.0,0.14800000000000002,0.7929999999999999,1.4400000000000001e-05,0.33899999999999997,0.447,139.998,audio_features,4h4ZykphGhv6HoomNndhm3,spotify:track:4h4ZykphGhv6HoomNndhm3,https://api.spotify.com/v1/audio-analysis/4h4ZykphGhv6HoomNndhm3,165500.0,4.0
49,50,Nena Buena,Eladio Carrion,35405,https://open.spotify.com/track/3yaBstYCoYIfiQbAxTAxcT,0.705,0.703,6.0,-6.3229999999999995,0.0,0.06,0.33299999999999996,1.67e-06,0.201,0.14400000000000002,88.92200000000001,audio_features,3yaBstYCoYIfiQbAxTAxcT,spotify:track:3yaBstYCoYIfiQbAxTAxcT,https://api.spotify.com/v1/audio-analysis/3yaBstYCoYIfiQbAxTAxcT,164494.0,4.0
50,51,Vete Pal Carajo,Yan Block,34037,https://open.spotify.com/track/1mrQYY0NATPCe7WOYcCKf1,0.784,0.65,0.0,-7.07,0.0,0.247,0.604,0.000579,0.10400000000000001,0.589,109.181,audio_features,1mrQYY0NATPCe7WOYcCKf1,spotify:track:1mrQYY0NATPCe7WOYcCKf1,https://api.spotify.com/v1/audio-analysis/1mrQYY0NATPCe7WOYcCKf1,176147.0,4.0
51,52,Mírame,Eladio Carrion,33974,https://open.spotify.com/track/6BFkiR2zXUC8JB2Kt4oknR,0.44,0.807,5.0,-4.27,0.0,0.172,0.307,0.0,0.147,0.7240000000000001,160.041,audio_features,6BFkiR2zXUC8JB2Kt4oknR,spotify:track:6BFkiR2zXUC8JB2Kt4oknR,https://api.spotify.com/v1/audio-analysis/6BFkiR2zXUC8JB2Kt4oknR,177690.0,4.0
52,53,Hasta Que Dios Diga,Anuel AA,33092,https://open.spotify.com/track/06s3QtMJVXw1AJX3UfvZG1,0.691,0.765,8.0,-4.727,1.0,0.111,0.46399999999999997,3.29e-06,0.203,0.855,174.021,audio_features,06s3QtMJVXw1AJX3UfvZG1,spotify:track:06s3QtMJVXw1AJX3UfvZG1,https://api.spotify.com/v1/audio-analysis/06s3QtMJVXw1AJX3UfvZG1,246000.0,4.0
53,54,Enchule,Rauw Alejandro,32629,https://open.spotify.com/track/0S9ZVNTNRzLMgb96tmmG1u,0.7609999999999999,0.6679999999999999,0.0,-3.319,1.0,0.21100000000000002,0.153,0.0,0.301,0.578,90.04299999999999,audio_features,0S9ZVNTNRzLMgb96tmmG1u,spotify:track:0S9ZVNTNRzLMgb96tmmG1u,https://api.spotify.com/v1/audio-analysis/0S9ZVNTNRzLMgb96tmmG1u,185719.0,4.0
54,55,MALDITA POBREZA,Bad Bunny,32119,https://open.spotify.com/track/0Lsis3LB0XAK6XlTHXaJk2,0.762,0.861,4.0,-4.075,0.0,0.0652,0.139,1.08e-06,0.0956,0.588,133.037,audio_features,0Lsis3LB0XAK6XlTHXaJk2,spotify:track:0Lsis3LB0XAK6XlTHXaJk2,https://api.spotify.com/v1/audio-analysis/0Lsis3LB0XAK6XlTHXaJk2,213609.0,4.0
55,56,EL MUNDO ES MÍO,Bad Bunny,30374,https://open.spotify.com/track/36DHxTW2xdr9GG15T9oK9L,0.716,0.522,5.0,-6.834,1.0,0.0582,0.166,6.500000000000001e-05,0.113,0.22399999999999998,76.993,audio_features,36DHxTW2xdr9GG15T9oK9L,spotify:track:36DHxTW2xdr9GG15T9oK9L,https://api.spotify.com/v1/audio-analysis/36DHxTW2xdr9GG15T9oK9L,165199.0,4.0
56,57,No Te Enamores - Remix,Milly,30194,https://open.spotify.com/track/2mM3gZ0BbPwPPMelbA8vgt,0.8240000000000001,0.8370000000000001,5.0,-4.603,1.0,0.107,0.573,1.66e-05,0.271,0.58,100.021,audio_features,2mM3gZ0BbPwPPMelbA8vgt,spotify:track:2mM3gZ0BbPwPPMelbA8vgt,https://api.spotify.com/v1/audio-analysis/2mM3gZ0BbPwPPMelbA8vgt,289933.0,4.0
57,58,Sauce Boy Freestyle 3,Eladio Carrion,29805,https://open.spotify.com/track/1me5LZYysJSVGb88oHMmsV,0.601,0.7340000000000001,6.0,-6.938,1.0,0.522,0.171,0.0,0.11599999999999999,0.387,75.85600000000001,audio_features,1me5LZYysJSVGb88oHMmsV,spotify:track:1me5LZYysJSVGb88oHMmsV,https://api.spotify.com/v1/audio-analysis/1me5LZYysJSVGb88oHMmsV,165669.0,4.0
58,59,Toretto,Eladio Carrion,29704,https://open.spotify.com/track/73ERt6sbMtVNgo4PTROP3z,0.6559999999999999,0.622,4.0,-8.538,0.0,0.0779,0.20600000000000002,0.0,0.111,0.165,159.998,audio_features,73ERt6sbMtVNgo4PTROP3z,spotify:track:73ERt6sbMtVNgo4PTROP3z,https://api.spotify.com/v1/audio-analysis/73ERt6sbMtVNgo4PTROP3z,183000.0,4.0
59,60,Yamile,Rochy RD,29399,https://open.spotify.com/track/2vzxE7XT2xo3R3gxjtW2PL,0.858,0.907,7.0,-1.271,1.0,0.249,0.0129,0.00196,0.129,0.742,120.02600000000001,audio_features,2vzxE7XT2xo3R3gxjtW2PL,spotify:track:2vzxE7XT2xo3R3gxjtW2PL,https://api.spotify.com/v1/audio-analysis/2vzxE7XT2xo3R3gxjtW2PL,196049.0,4.0
60,61,Blinding Lights,The Weeknd,28907,https://open.spotify.com/track/0VjIjW4GlUZAMYd2vXMi3b,0.514,0.73,1.0,-5.934,1.0,0.0598,0.00146,9.54e-05,0.0897,0.33399999999999996,171.005,audio_features,0VjIjW4GlUZAMYd2vXMi3b,spotify:track:0VjIjW4GlUZAMYd2vXMi3b,https://api.spotify.com/v1/audio-analysis/0VjIjW4GlUZAMYd2vXMi3b,200040.0,4.0
61,62,Ele Uve - Remix,Eladio Carrion,27620,https://open.spotify.com/track/28gbcedjSMDS6DHB2t7U03,0.812,0.703,4.0,-6.129,0.0,0.0641,0.157,0.0,0.184,0.649,106.01700000000001,audio_features,28gbcedjSMDS6DHB2t7U03,spotify:track:28gbcedjSMDS6DHB2t7U03,https://api.spotify.com/v1/audio-analysis/28gbcedjSMDS6DHB2t7U03,229840.0,4.0
62,63,Chica Ideal,Sebastian Yatra,27296,https://open.spotify.com/track/21N4Buj4xsyLb218lYle61,0.574,0.8909999999999999,0.0,-3.665,0.0,0.157,0.0847,0.0,0.16,0.7070000000000001,100.978,audio_features,21N4Buj4xsyLb218lYle61,spotify:track:21N4Buj4xsyLb218lYle61,https://api.spotify.com/v1/audio-analysis/21N4Buj4xsyLb218lYle61,183240.0,4.0
63,64,"La Curiosidad (feat. Dj Nelson, Jhay Cortez, Lunay & Kendo Kaponi) - Blue Grand Prix Remix",Jay Wheeler,26916,https://open.spotify.com/track/7LE1K0lZyRFZjSlrnm7lfD,0.841,0.674,2.0,-5.35,1.0,0.0962,0.10400000000000001,0.0,0.131,0.7609999999999999,90.007,audio_features,7LE1K0lZyRFZjSlrnm7lfD,spotify:track:7LE1K0lZyRFZjSlrnm7lfD,https://api.spotify.com/v1/audio-analysis/7LE1K0lZyRFZjSlrnm7lfD,382555.0,4.0
64,65,Mariposas,Eladio Carrion,26907,https://open.spotify.com/track/6clBlaFDHCzyDaDkbX7Dnv,0.627,0.643,8.0,-7.127999999999999,0.0,0.0345,0.146,0.0,0.20800000000000002,0.276,139.996,audio_features,6clBlaFDHCzyDaDkbX7Dnv,spotify:track:6clBlaFDHCzyDaDkbX7Dnv,https://api.spotify.com/v1/audio-analysis/6clBlaFDHCzyDaDkbX7Dnv,141000.0,4.0
65,66,No Hago Coro,Ghetto,26875,https://open.spotify.com/track/2VCqHhpgat5QoYOB9chpt1,0.777,0.743,9.0,-6.502000000000001,0.0,0.396,0.366,0.0,0.0933,0.613,89.001,audio_features,2VCqHhpgat5QoYOB9chpt1,spotify:track:2VCqHhpgat5QoYOB9chpt1,https://api.spotify.com/v1/audio-analysis/2VCqHhpgat5QoYOB9chpt1,215720.0,4.0
66,67,Elegí (feat. Dímelo Flow),Rauw Alejandro,26400,https://open.spotify.com/track/50ZC4PM7hywH27RcCfViau,0.8240000000000001,0.631,0.0,-2.7910000000000004,1.0,0.0809,0.237,0.00011599999999999999,0.0531,0.6779999999999999,171.965,audio_features,50ZC4PM7hywH27RcCfViau,spotify:track:50ZC4PM7hywH27RcCfViau,https://api.spotify.com/v1/audio-analysis/50ZC4PM7hywH27RcCfViau,197721.0,4.0
67,68,De Cora <3,Rauw Alejandro,26291,https://open.spotify.com/track/22Sh5dlwbERqJAq1fZk5b2,0.8109999999999999,0.6829999999999999,11.0,-2.028,0.0,0.24100000000000002,0.46,4.7499999999999996e-05,0.128,0.5710000000000001,176.037,audio_features,22Sh5dlwbERqJAq1fZk5b2,spotify:track:22Sh5dlwbERqJAq1fZk5b2,https://api.spotify.com/v1/audio-analysis/22Sh5dlwbERqJAq1fZk5b2,190101.0,4.0
68,69,Quiéreme Mientras Se Pueda,Manuel Turizo,26084,https://open.spotify.com/track/34LI7rwi9H8w2S5KTHnv1M,0.7929999999999999,0.782,4.0,-3.945,1.0,0.0582,0.447,0.0,0.124,0.81,143.86,audio_features,34LI7rwi9H8w2S5KTHnv1M,spotify:track:34LI7rwi9H8w2S5KTHnv1M,https://api.spotify.com/v1/audio-analysis/34LI7rwi9H8w2S5KTHnv1M,191945.0,4.0
69,70,Adiós,Eladio Carrion,25821,https://open.spotify.com/track/1vjvZkoc8FZz26axllh6yD,0.264,0.6579999999999999,2.0,-4.3469999999999995,0.0,0.0404,0.809,1.4499999999999998e-05,0.141,0.263,78.38,audio_features,1vjvZkoc8FZz26axllh6yD,spotify:track:1vjvZkoc8FZz26axllh6yD,https://api.spotify.com/v1/audio-analysis/1vjvZkoc8FZz26axllh6yD,161000.0,4.0
70,71,Desacato Escolar,Tokischa,25780,https://open.spotify.com/track/2jm33owvUVJgwbjl0VkfAB,0.9359999999999999,0.835,2.0,-2.821,1.0,0.12,0.0175,0.00345,0.593,0.742,110.02,audio_features,2jm33owvUVJgwbjl0VkfAB,spotify:track:2jm33owvUVJgwbjl0VkfAB,https://api.spotify.com/v1/audio-analysis/2jm33owvUVJgwbjl0VkfAB,157227.0,4.0
71,72,Hola - Remix,Dalex,25461,https://open.spotify.com/track/5stPVcRqb4qixbafP9e8lt,0.654,0.672,0.0,-5.98,0.0,0.311,0.47100000000000003,0.0,0.0781,0.34299999999999997,181.857,audio_features,5stPVcRqb4qixbafP9e8lt,spotify:track:5stPVcRqb4qixbafP9e8lt,https://api.spotify.com/v1/audio-analysis/5stPVcRqb4qixbafP9e8lt,249520.0,4.0
72,73,Mami Me Pregunta Si Trapeo,Eladio Carrion,25056,https://open.spotify.com/track/0r8ZTj61xBtfUMrAOiOPvG,0.84,0.703,5.0,-5.18,0.0,0.0965,0.637,7.31e-06,0.111,0.479,145.85399999999998,audio_features,0r8ZTj61xBtfUMrAOiOPvG,spotify:track:0r8ZTj61xBtfUMrAOiOPvG,https://api.spotify.com/v1/audio-analysis/0r8ZTj61xBtfUMrAOiOPvG,200195.0,4.0
73,74,Safaera,Bad Bunny,25003,https://open.spotify.com/track/2DEZmgHKAvm41k4J3R2E9Y,0.607,0.8290000000000001,2.0,-4.074,1.0,0.379,0.0103,0.0,0.107,0.685,96.17200000000001,audio_features,2DEZmgHKAvm41k4J3R2E9Y,spotify:track:2DEZmgHKAvm41k4J3R2E9Y,https://api.spotify.com/v1/audio-analysis/2DEZmgHKAvm41k4J3R2E9Y,295177.0,4.0
74,75,Ignorantes,Bad Bunny,24973,https://open.spotify.com/track/38RIEav39FGi86jppxO0du,0.85,0.536,1.0,-5.1610000000000005,1.0,0.0599,0.267,3.8900000000000004e-05,0.0996,0.505,96.029,audio_features,38RIEav39FGi86jppxO0du,spotify:track:38RIEav39FGi86jppxO0du,https://api.spotify.com/v1/audio-analysis/38RIEav39FGi86jppxO0du,210607.0,4.0
75,76,Explícito,Myke Towers,24750,https://open.spotify.com/track/6qraVL4IJaIj0IuEexYJNa,0.828,0.83,2.0,-3.3710000000000004,1.0,0.047,0.348,1.6e-05,0.0613,0.42200000000000004,95.007,audio_features,6qraVL4IJaIj0IuEexYJNa,spotify:track:6qraVL4IJaIj0IuEexYJNa,https://api.spotify.com/v1/audio-analysis/6qraVL4IJaIj0IuEexYJNa,195066.0,4.0
76,77,TRELLAS,Bad Bunny,24671,https://open.spotify.com/track/09WAnxdBuebQopKhJT3oZS,0.43,0.41200000000000003,2.0,-5.372000000000001,1.0,0.0281,0.2,0.0,0.324,0.0508,90.87200000000001,audio_features,09WAnxdBuebQopKhJT3oZS,spotify:track:09WAnxdBuebQopKhJT3oZS,https://api.spotify.com/v1/audio-analysis/09WAnxdBuebQopKhJT3oZS,157673.0,4.0
77,78,WAP (feat. Megan Thee Stallion),Cardi B,24525,https://open.spotify.com/track/4Oun2ylbjFKMPTiaSbbCih,0.935,0.45399999999999996,1.0,-7.5089999999999995,1.0,0.375,0.0194,0.0,0.0824,0.35700000000000004,133.07299999999998,audio_features,4Oun2ylbjFKMPTiaSbbCih,spotify:track:4Oun2ylbjFKMPTiaSbbCih,https://api.spotify.com/v1/audio-analysis/4Oun2ylbjFKMPTiaSbbCih,187541.0,4.0
78,79,Se Te Nota (with Guaynaa),Lele Pons,24451,https://open.spotify.com/track/11EnQRgRMJwMAesfkB5pnu,0.905,0.6859999999999999,0.0,-3.1519999999999997,1.0,0.0664,0.0907,0.0,0.266,0.963,103.01299999999999,audio_features,11EnQRgRMJwMAesfkB5pnu,spotify:track:11EnQRgRMJwMAesfkB5pnu,https://api.spotify.com/v1/audio-analysis/11EnQRgRMJwMAesfkB5pnu,155825.0,4.0
79,80,positions,Ariana Grande,24424,https://open.spotify.com/track/35mvY5S1H3J2QZyna3TFe0,0.737,0.802,0.0,-4.771,1.0,0.0878,0.46799999999999997,0.0,0.0931,0.682,144.015,audio_features,35mvY5S1H3J2QZyna3TFe0,spotify:track:35mvY5S1H3J2QZyna3TFe0,https://api.spotify.com/v1/audio-analysis/35mvY5S1H3J2QZyna3TFe0,172325.0,4.0
80,81,34+35,Ariana Grande,24417,https://open.spotify.com/track/6Im9k8u9iIzKMrmV7BWtlF,0.83,0.585,0.0,-6.476,1.0,0.094,0.237,0.0,0.248,0.485,109.978,audio_features,6Im9k8u9iIzKMrmV7BWtlF,spotify:track:6Im9k8u9iIzKMrmV7BWtlF,https://api.spotify.com/v1/audio-analysis/6Im9k8u9iIzKMrmV7BWtlF,173711.0,4.0
81,82,Don Don,Daddy Yankee,24272,https://open.spotify.com/track/3kml9ZdpT7UYk1ugkjqOzt,0.838,0.8190000000000001,5.0,-4.681,0.0,0.21100000000000002,0.285,6.3e-05,0.22399999999999998,0.6559999999999999,105.027,audio_features,3kml9ZdpT7UYk1ugkjqOzt,spotify:track:3kml9ZdpT7UYk1ugkjqOzt,https://api.spotify.com/v1/audio-analysis/3kml9ZdpT7UYk1ugkjqOzt,275893.0,4.0
82,83,Tusa,KAROL G,23940,https://open.spotify.com/track/7k4t7uLgtOxPwTpFmtJNTY,0.8029999999999999,0.715,2.0,-3.28,1.0,0.298,0.295,0.000134,0.0574,0.574,101.085,audio_features,7k4t7uLgtOxPwTpFmtJNTY,spotify:track:7k4t7uLgtOxPwTpFmtJNTY,https://api.spotify.com/v1/audio-analysis/7k4t7uLgtOxPwTpFmtJNTY,200960.0,4.0
83,84,Discoteca,Eladio Carrion,23736,https://open.spotify.com/track/2ZWBNTg6Mn6NQkkq4gVec1,0.736,0.6829999999999999,0.0,-5.417999999999999,0.0,0.105,0.46299999999999997,0.0,0.18600000000000003,0.441,85.90799999999999,audio_features,2ZWBNTg6Mn6NQkkq4gVec1,spotify:track:2ZWBNTg6Mn6NQkkq4gVec1,https://api.spotify.com/v1/audio-analysis/2ZWBNTg6Mn6NQkkq4gVec1,249000.0,4.0
84,85,La Forma en Que Me Miras,Super Yei,23477,https://open.spotify.com/track/57Ba26w9eoXx8BBUNgRNLV,0.6559999999999999,0.665,1.0,-1.3869999999999998,1.0,0.18899999999999997,0.149,8.33e-06,0.16,0.569,189.984,audio_features,57Ba26w9eoXx8BBUNgRNLV,spotify:track:57Ba26w9eoXx8BBUNgRNLV,https://api.spotify.com/v1/audio-analysis/57Ba26w9eoXx8BBUNgRNLV,307435.0,4.0
85,86,Vete,Bad Bunny,23407,https://open.spotify.com/track/2n7ohqg1s68ToAHh4u9mcW,0.8859999999999999,0.672,1.0,-4.394,1.0,0.188,0.0363,8.78e-06,0.10099999999999999,0.526,91.976,audio_features,2n7ohqg1s68ToAHh4u9mcW,spotify:track:2n7ohqg1s68ToAHh4u9mcW,https://api.spotify.com/v1/audio-analysis/2n7ohqg1s68ToAHh4u9mcW,192024.0,4.0
86,87,LA CANCIÓN,J Balvin,23403,https://open.spotify.com/track/0fea68AdmYNygeTGI4RC18,0.754,0.6459999999999999,7.0,-5.795,1.0,0.317,0.152,1.85e-05,0.10800000000000001,0.429,176.08900000000003,audio_features,0fea68AdmYNygeTGI4RC18,spotify:track:0fea68AdmYNygeTGI4RC18,https://api.spotify.com/v1/audio-analysis/0fea68AdmYNygeTGI4RC18,242573.0,4.0
87,88,Amén,Ricardo Montaner,23272,https://open.spotify.com/track/7AjcJrynzHWlawo87kafY2,0.555,0.402,0.0,-8.443,1.0,0.0314,0.628,0.0,0.0457,0.16699999999999998,91.99799999999999,audio_features,7AjcJrynzHWlawo87kafY2,spotify:track:7AjcJrynzHWlawo87kafY2,https://api.spotify.com/v1/audio-analysis/7AjcJrynzHWlawo87kafY2,253634.0,4.0
88,89,La Santa,Bad Bunny,23169,https://open.spotify.com/track/69vlMrzHwATKzupwNcUPyK,0.7440000000000001,0.868,1.0,-4.524,1.0,0.047,0.0326,0.0,0.0822,0.586,93.037,audio_features,69vlMrzHwATKzupwNcUPyK,spotify:track:69vlMrzHwATKzupwNcUPyK,https://api.spotify.com/v1/audio-analysis/69vlMrzHwATKzupwNcUPyK,206420.0,4.0
89,90,Mi Regalo Mas Bonito,La Ross Maria,23083,https://open.spotify.com/track/3JgGutjAwNXGAxcXaqVgWe,0.669,0.524,8.0,-7.925,0.0,0.345,0.711,0.0,0.223,0.672,91.36,audio_features,3JgGutjAwNXGAxcXaqVgWe,spotify:track:3JgGutjAwNXGAxcXaqVgWe,https://api.spotify.com/v1/audio-analysis/3JgGutjAwNXGAxcXaqVgWe,151467.0,4.0
90,91,No Me Conoce - Remix,Jhay Cortez,22247,https://open.spotify.com/track/4R8BJggjosTswLxtkw8V7P,0.8059999999999999,0.7859999999999999,10.0,-3.8310000000000004,0.0,0.0741,0.145,0.0,0.0935,0.58,91.973,audio_features,4R8BJggjosTswLxtkw8V7P,spotify:track:4R8BJggjosTswLxtkw8V7P,https://api.spotify.com/v1/audio-analysis/4R8BJggjosTswLxtkw8V7P,309120.0,4.0
91,92,GIRL LIKE ME,Black Eyed Peas,22184,https://open.spotify.com/track/2vBET2pmrQqafaS6zIaYta,0.9640000000000001,0.486,2.0,-8.891,1.0,0.188,0.0194,0.04,0.0694,0.318,124.05799999999999,audio_features,2vBET2pmrQqafaS6zIaYta,spotify:track:2vBET2pmrQqafaS6zIaYta,https://api.spotify.com/v1/audio-analysis/2vBET2pmrQqafaS6zIaYta,220659.0,4.0
92,93,Yo Perreo Sola,Bad Bunny,22123,https://open.spotify.com/track/0SqqAgdovOE24BzxIClpjw,0.86,0.758,11.0,-5.16,1.0,0.0695,0.021,6.54e-05,0.344,0.45299999999999996,97.014,audio_features,0SqqAgdovOE24BzxIClpjw,spotify:track:0SqqAgdovOE24BzxIClpjw,https://api.spotify.com/v1/audio-analysis/0SqqAgdovOE24BzxIClpjw,172127.0,4.0
93,94,Favorito,Camilo,22058,https://open.spotify.com/track/0jT8Nl0shPS8115is0wD2Q,0.606,0.853,9.0,-2.975,1.0,0.0545,0.237,0.0,0.251,0.8220000000000001,178.043,audio_features,0jT8Nl0shPS8115is0wD2Q,spotify:track:0jT8Nl0shPS8115is0wD2Q,https://api.spotify.com/v1/audio-analysis/0jT8Nl0shPS8115is0wD2Q,209766.0,4.0
94,95,+Linda,Dalex,21999,https://open.spotify.com/track/5cBrOhKDyiJF9bPGUHKkG0,0.66,0.503,9.0,-5.501,1.0,0.34,0.131,0.0,0.13,0.396,175.896,audio_features,5cBrOhKDyiJF9bPGUHKkG0,spotify:track:5cBrOhKDyiJF9bPGUHKkG0,https://api.spotify.com/v1/audio-analysis/5cBrOhKDyiJF9bPGUHKkG0,161748.0,4.0
95,96,El Rey De La Popola,Rochy RD,21990,https://open.spotify.com/track/40NEzaZf0YyrxCbD7PPeop,0.915,0.8190000000000001,0.0,-5.145,0.0,0.16,0.0649,0.0266,0.0483,0.767,106.014,audio_features,40NEzaZf0YyrxCbD7PPeop,spotify:track:40NEzaZf0YyrxCbD7PPeop,https://api.spotify.com/v1/audio-analysis/40NEzaZf0YyrxCbD7PPeop,187783.0,4.0
96,97,Si Veo a Tu Mamá,Bad Bunny,21817,https://open.spotify.com/track/41wtwzCZkXwpnakmwJ239F,0.9,0.603,2.0,-5.313,1.0,0.0646,0.402,4.81e-06,0.134,0.8240000000000001,129.928,audio_features,41wtwzCZkXwpnakmwJ239F,spotify:track:41wtwzCZkXwpnakmwJ239F,https://api.spotify.com/v1/audio-analysis/41wtwzCZkXwpnakmwJ239F,170972.0,4.0
97,98,Diosa,Myke Towers,21692,https://open.spotify.com/track/3JHpk0DOTOzyh0777JFAky,0.8009999999999999,0.745,6.0,-3.733,0.0,0.063,0.39799999999999996,0.00603,0.153,0.245,104.965,audio_features,3JHpk0DOTOzyh0777JFAky,spotify:track:3JHpk0DOTOzyh0777JFAky,https://api.spotify.com/v1/audio-analysis/3JHpk0DOTOzyh0777JFAky,214013.0,4.0
98,99,Mala Mia 2,Eladio Carrion,21669,https://open.spotify.com/track/7vaKZW45LNtK0H5JD0yHBu,0.5539999999999999,0.6779999999999999,1.0,-6.2170000000000005,1.0,0.149,0.20800000000000002,5.4000000000000005e-05,0.0967,0.285,76.76100000000001,audio_features,7vaKZW45LNtK0H5JD0yHBu,spotify:track:7vaKZW45LNtK0H5JD0yHBu,https://api.spotify.com/v1/audio-analysis/7vaKZW45LNtK0H5JD0yHBu,145013.0,4.0
99,100,Ella No Es Tuya,Rochy RD,21620,https://open.spotify.com/track/7vg79JZg1UZs4hVJ1ih3pC,0.845,0.509,6.0,-5.54,1.0,0.363,0.39299999999999996,0.000188,0.0679,0.889,96.90100000000001,audio_features,7vg79JZg1UZs4hVJ1ih3pC,spotify:track:7vg79JZg1UZs4hVJ1ih3pC,https://api.spotify.com/v1/audio-analysis/7vg79JZg1UZs4hVJ1ih3pC,189127.0,4.0
100,101,4 Am,Eladio Carrion,21454,https://open.spotify.com/track/2oJ1QO7pGqUk1mOCPZh4W4,0.7340000000000001,0.7040000000000001,6.0,-4.9910000000000005,0.0,0.0451,0.12300000000000001,0.0,0.243,0.33899999999999997,132.989,audio_features,2oJ1QO7pGqUk1mOCPZh4W4,spotify:track:2oJ1QO7pGqUk1mOCPZh4W4,https://api.spotify.com/v1/audio-analysis/2oJ1QO7pGqUk1mOCPZh4W4,161504.0,4.0
101,102,La Luz,Sech,21445,https://open.spotify.com/track/5zj8WNkBrEzlI5FKeYV4ol,0.665,0.6970000000000001,9.0,-4.819,0.0,0.154,0.42700000000000005,1.39e-05,0.599,0.556,94.053,audio_features,5zj8WNkBrEzlI5FKeYV4ol,spotify:track:5zj8WNkBrEzlI5FKeYV4ol,https://api.spotify.com/v1/audio-analysis/5zj8WNkBrEzlI5FKeYV4ol,216747.0,4.0
102,103,Desnudarte,Brytiago,21401,https://open.spotify.com/track/15zGj634ctKvXflVumO5Qq,0.866,0.527,10.0,-6.261,1.0,0.16699999999999998,0.37200000000000005,3.88e-06,0.0945,0.599,91.015,audio_features,15zGj634ctKvXflVumO5Qq,spotify:track:15zGj634ctKvXflVumO5Qq,https://api.spotify.com/v1/audio-analysis/15zGj634ctKvXflVumO5Qq,262200.0,4.0
103,104,Caramelo - Remix,Ozuna,21011,https://open.spotify.com/track/67jvGGbJmOmVonlyX3mNkV,0.755,0.772,3.0,-4.539,0.0,0.154,0.0605,9.19e-05,0.223,0.586,168.062,audio_features,67jvGGbJmOmVonlyX3mNkV,spotify:track:67jvGGbJmOmVonlyX3mNkV,https://api.spotify.com/v1/audio-analysis/67jvGGbJmOmVonlyX3mNkV,233160.0,4.0
104,105,Amantes y Amigos,Arcangel,20967,https://open.spotify.com/track/3yoDVeVWIPSuH1IolXKA0X,0.6970000000000001,0.713,5.0,-4.09,1.0,0.153,0.36700000000000005,0.0,0.10099999999999999,0.47600000000000003,171.84400000000002,audio_features,3yoDVeVWIPSuH1IolXKA0X,spotify:track:3yoDVeVWIPSuH1IolXKA0X,https://api.spotify.com/v1/audio-analysis/3yoDVeVWIPSuH1IolXKA0X,182627.0,4.0
105,106,Si Estuviésemos Juntos,Bad Bunny,20797,https://open.spotify.com/track/35wvL50xvKpCHEJPxLOLPI,0.672,0.594,1.0,-6.813,0.0,0.0789,0.0626,5.14e-05,0.152,0.158,171.854,audio_features,35wvL50xvKpCHEJPxLOLPI,spotify:track:35wvL50xvKpCHEJPxLOLPI,https://api.spotify.com/v1/audio-analysis/35wvL50xvKpCHEJPxLOLPI,169248.0,4.0
106,107,La Difícil,Bad Bunny,20339,https://open.spotify.com/track/6NfrH0ANGmgBXyxgV2PeXt,0.685,0.848,8.0,-4.561,0.0,0.0858,0.0861,7.14e-06,0.0783,0.7609999999999999,179.87,audio_features,6NfrH0ANGmgBXyxgV2PeXt,spotify:track:6NfrH0ANGmgBXyxgV2PeXt,https://api.spotify.com/v1/audio-analysis/6NfrH0ANGmgBXyxgV2PeXt,163084.0,4.0
107,108,El Mismo Aire - con Pablo Alborán,Camilo,20323,https://open.spotify.com/track/5EbtodsuLbxrFDH6j5avVS,0.483,0.49200000000000005,0.0,-6.591,0.0,0.295,0.603,0.0,0.32299999999999995,0.66,144.511,audio_features,5EbtodsuLbxrFDH6j5avVS,spotify:track:5EbtodsuLbxrFDH6j5avVS,https://api.spotify.com/v1/audio-analysis/5EbtodsuLbxrFDH6j5avVS,188213.0,4.0
108,109,Y Que Fue?,Don Miguelo,20300,https://open.spotify.com/track/1mNvijqTFRqisyURrtrhwa,0.889,0.6509999999999999,1.0,-6.563,1.0,0.0599,0.0512,0.0116,0.0955,0.8740000000000001,132.938,audio_features,1mNvijqTFRqisyURrtrhwa,spotify:track:1mNvijqTFRqisyURrtrhwa,https://api.spotify.com/v1/audio-analysis/1mNvijqTFRqisyURrtrhwa,163759.0,4.0
109,110,Madrid (feat. Myke Towers),Maluma,20286,https://open.spotify.com/track/19OXtYzrJyCrQvTbfukt4H,0.764,0.741,9.0,-3.617,1.0,0.10099999999999999,0.239,0.0,0.107,0.802,170.081,audio_features,19OXtYzrJyCrQvTbfukt4H,spotify:track:19OXtYzrJyCrQvTbfukt4H,https://api.spotify.com/v1/audio-analysis/19OXtYzrJyCrQvTbfukt4H,198570.0,4.0
110,111,Azul,J Balvin,19745,https://open.spotify.com/track/2lCkncy6bIB0LTMT7kvrD1,0.843,0.836,11.0,-2.474,0.0,0.0695,0.0816,0.0013800000000000002,0.0532,0.65,94.01799999999999,audio_features,2lCkncy6bIB0LTMT7kvrD1,spotify:track:2lCkncy6bIB0LTMT7kvrD1,https://api.spotify.com/v1/audio-analysis/2lCkncy6bIB0LTMT7kvrD1,205933.0,4.0
111,112,En Tu Cuerpo - Remix,Lyanno,19703,https://open.spotify.com/track/3dEtfTtCXWW7N8WQ9FD29z,0.742,0.49700000000000005,0.0,-9.381,0.0,0.0746,0.249,0.00335,0.0993,0.5579999999999999,156.013,audio_features,3dEtfTtCXWW7N8WQ9FD29z,spotify:track:3dEtfTtCXWW7N8WQ9FD29z,https://api.spotify.com/v1/audio-analysis/3dEtfTtCXWW7N8WQ9FD29z,310860.0,4.0
112,113,A Tu Merced,Bad Bunny,19534,https://open.spotify.com/track/4r9jkMEnArtWGH2rL2FZl0,0.86,0.7909999999999999,0.0,-4.784,1.0,0.0568,0.16899999999999998,0.000106,0.106,0.887,92.023,audio_features,4r9jkMEnArtWGH2rL2FZl0,spotify:track:4r9jkMEnArtWGH2rL2FZl0,https://api.spotify.com/v1/audio-analysis/4r9jkMEnArtWGH2rL2FZl0,175918.0,4.0
113,114,Si Me Dices Que Sí,Reik,19114,https://open.spotify.com/track/56Ta1O7Jxxpjnc6cWdDKUo,0.578,0.634,8.0,-5.979,0.0,0.33299999999999996,0.00473,0.0,0.132,0.21600000000000003,183.89,audio_features,56Ta1O7Jxxpjnc6cWdDKUo,spotify:track:56Ta1O7Jxxpjnc6cWdDKUo,https://api.spotify.com/v1/audio-analysis/56Ta1O7Jxxpjnc6cWdDKUo,211652.0,4.0
114,115,Ponte Pa' Mi,Justin Quiles,19015,https://open.spotify.com/track/4C6BlqqMwjFzOXzqpTeoWR,0.878,0.713,5.0,-4.566,0.0,0.0948,0.0581,0.0,0.0822,0.615,92.02799999999999,audio_features,4C6BlqqMwjFzOXzqpTeoWR,spotify:track:4C6BlqqMwjFzOXzqpTeoWR,https://api.spotify.com/v1/audio-analysis/4C6BlqqMwjFzOXzqpTeoWR,202373.0,4.0
115,116,"Agua (with J Balvin) - Music From ""Sponge On The Run"" Movie",Tainy,18960,https://open.spotify.com/track/1pqnQ41XbfKjaFu6M0eGJp,0.76,0.6579999999999999,7.0,-5.275,1.0,0.275,0.162,0.0,0.195,0.565,100.20200000000001,audio_features,1pqnQ41XbfKjaFu6M0eGJp,spotify:track:1pqnQ41XbfKjaFu6M0eGJp,https://api.spotify.com/v1/audio-analysis/1pqnQ41XbfKjaFu6M0eGJp,157944.0,4.0
116,117,PAM,Justin Quiles,18726,https://open.spotify.com/track/0eeKDrQxjqNl5bX5VCHDcn,0.889,0.863,11.0,-3.011,1.0,0.0757,0.289,0.000603,0.0798,0.7759999999999999,112.95299999999999,audio_features,0eeKDrQxjqNl5bX5VCHDcn,spotify:track:0eeKDrQxjqNl5bX5VCHDcn,https://api.spotify.com/v1/audio-analysis/0eeKDrQxjqNl5bX5VCHDcn,201000.0,4.0
117,118,"Nathy Peluso: Bzrp Music Sessions, Vol. 36",Bizarrap,18705,https://open.spotify.com/track/78SeXVRJ7KCqVmOwTiFjnI,0.65,0.655,1.0,-3.71,0.0,0.405,0.25,0.0,0.0691,0.735,94.059,audio_features,78SeXVRJ7KCqVmOwTiFjnI,spotify:track:78SeXVRJ7KCqVmOwTiFjnI,https://api.spotify.com/v1/audio-analysis/78SeXVRJ7KCqVmOwTiFjnI,171215.0,4.0
118,119,Mood (feat. iann dior),24kGoldn,18668,https://open.spotify.com/track/3tjFYV6RSFtuktYl3ZtYcq,0.7,0.722,7.0,-3.5580000000000003,0.0,0.0369,0.221,0.0,0.272,0.7559999999999999,90.98899999999999,audio_features,3tjFYV6RSFtuktYl3ZtYcq,spotify:track:3tjFYV6RSFtuktYl3ZtYcq,https://api.spotify.com/v1/audio-analysis/3tjFYV6RSFtuktYl3ZtYcq,140526.0,4.0
119,120,Sigues Con El,Dímelo Flow,18114,https://open.spotify.com/track/7sQKy5vlPQllr0k9IjYJv3,0.883,0.6679999999999999,9.0,-2.957,1.0,0.113,0.11,0.000529,0.0734,0.6759999999999999,87.97200000000001,audio_features,7sQKy5vlPQllr0k9IjYJv3,spotify:track:7sQKy5vlPQllr0k9IjYJv3,https://api.spotify.com/v1/audio-analysis/7sQKy5vlPQllr0k9IjYJv3,226533.0,4.0
120,121,Callaita,Bad Bunny,17753,https://open.spotify.com/track/2TH65lNHgvLxCKXM3apjxI,0.61,0.624,2.0,-4.773,1.0,0.309,0.6,2.12e-06,0.243,0.244,176.169,audio_features,2TH65lNHgvLxCKXM3apjxI,spotify:track:2TH65lNHgvLxCKXM3apjxI,https://api.spotify.com/v1/audio-analysis/2TH65lNHgvLxCKXM3apjxI,250534.0,4.0
121,122,Relación,Sech,17594,https://open.spotify.com/track/3ZG8N7aWw2meb6UrI5ZmnZ,0.805,0.562,7.0,-3.117,0.0,0.105,0.125,4.96e-06,0.14800000000000002,0.767,172.09400000000002,audio_features,3ZG8N7aWw2meb6UrI5ZmnZ,spotify:track:3ZG8N7aWw2meb6UrI5ZmnZ,https://api.spotify.com/v1/audio-analysis/3ZG8N7aWw2meb6UrI5ZmnZ,184255.0,4.0
122,123,Dynamite,BTS,17546,https://open.spotify.com/track/4saklk6nie3yiGePpBwUoc,0.746,0.765,6.0,-4.41,0.0,0.0993,0.0112,0.0,0.0936,0.737,114.044,audio_features,4saklk6nie3yiGePpBwUoc,spotify:track:4saklk6nie3yiGePpBwUoc,https://api.spotify.com/v1/audio-analysis/4saklk6nie3yiGePpBwUoc,199054.0,4.0
123,124,Reggaetonera,Anuel AA,17229,https://open.spotify.com/track/6yVkakCN460KOVol9ZazjH,0.6940000000000001,0.7959999999999999,6.0,-4.164,1.0,0.0565,0.48,0.000384,0.10800000000000001,0.515,93.064,audio_features,6yVkakCN460KOVol9ZazjH,spotify:track:6yVkakCN460KOVol9ZazjH,https://api.spotify.com/v1/audio-analysis/6yVkakCN460KOVol9ZazjH,212312.0,4.0
124,125,Dream Girl - Remix,Ir Sais,17195,https://open.spotify.com/track/099tjv6oy2opbpCOA3nBwX,0.767,0.643,5.0,-5.225,1.0,0.10099999999999999,0.21600000000000003,0.00010400000000000001,0.0806,0.536,169.99,audio_features,099tjv6oy2opbpCOA3nBwX,spotify:track:099tjv6oy2opbpCOA3nBwX,https://api.spotify.com/v1/audio-analysis/099tjv6oy2opbpCOA3nBwX,192452.0,4.0
125,126,Hasta Abajo,Kevin Roldan,17084,https://open.spotify.com/track/4PEfJZpVjdclfzZ9XO8uDw,0.7140000000000001,0.6709999999999999,5.0,-5.119,1.0,0.36200000000000004,0.289,0.0,0.325,0.6409999999999999,169.732,audio_features,4PEfJZpVjdclfzZ9XO8uDw,spotify:track:4PEfJZpVjdclfzZ9XO8uDw,https://api.spotify.com/v1/audio-analysis/4PEfJZpVjdclfzZ9XO8uDw,229827.0,4.0
126,127,Rojo,J Balvin,16811,https://open.spotify.com/track/380HmhwTE2NJgawn1NwkXi,0.6629999999999999,0.598,11.0,-4.042,1.0,0.17,0.193,8.02e-05,0.0856,0.4,172.245,audio_features,380HmhwTE2NJgawn1NwkXi,spotify:track:380HmhwTE2NJgawn1NwkXi,https://api.spotify.com/v1/audio-analysis/380HmhwTE2NJgawn1NwkXi,150720.0,4.0
127,128,La Tóxica (feat. Jay Wheeler & Tempo) - Remix,Farruko,16784,https://open.spotify.com/track/4gChz67rTHfVzKCZAHsifM,0.727,0.6920000000000001,9.0,-3.25,1.0,0.10400000000000001,0.102,1.07e-06,0.0562,0.604,92.01899999999999,audio_features,4gChz67rTHfVzKCZAHsifM,spotify:track:4gChz67rTHfVzKCZAHsifM,https://api.spotify.com/v1/audio-analysis/4gChz67rTHfVzKCZAHsifM,294240.0,4.0
128,129,Anaranjado,Jowell & Randy,16516,https://open.spotify.com/track/0cRgJuB6TRtb5RZ2HkjSLh,0.763,0.58,8.0,-6.196000000000001,1.0,0.14400000000000002,0.0466,1.6e-05,0.154,0.608,175.937,audio_features,0cRgJuB6TRtb5RZ2HkjSLh,spotify:track:0cRgJuB6TRtb5RZ2HkjSLh,https://api.spotify.com/v1/audio-analysis/0cRgJuB6TRtb5RZ2HkjSLh,212011.0,4.0
129,130,4K,El Alfa,16291,https://open.spotify.com/track/4xI3U4sDj1TPmO9Iz5TkYp,0.925,0.9,3.0,-4.361000000000001,0.0,0.14400000000000002,0.35700000000000004,0.00595,0.124,0.804,120.031,audio_features,4xI3U4sDj1TPmO9Iz5TkYp,spotify:track:4xI3U4sDj1TPmO9Iz5TkYp,https://api.spotify.com/v1/audio-analysis/4xI3U4sDj1TPmO9Iz5TkYp,201500.0,4.0
130,131,Otra Noche en Miami,Bad Bunny,16288,https://open.spotify.com/track/4vCAzANUWDE24URV6wQ4ra,0.514,0.6459999999999999,1.0,-8.833,1.0,0.275,0.19699999999999998,2.3e-05,0.0958,0.297,88.661,audio_features,4vCAzANUWDE24URV6wQ4ra,spotify:track:4vCAzANUWDE24URV6wQ4ra,https://api.spotify.com/v1/audio-analysis/4vCAzANUWDE24URV6wQ4ra,233128.0,4.0
131,132,El Efecto - Remix,Rauw Alejandro,16143,https://open.spotify.com/track/74j34STf8L6uADnTN69ohv,0.7709999999999999,0.769,0.0,-3.5039999999999996,0.0,0.0694,0.18,1.57e-05,0.345,0.9309999999999999,167.96900000000002,audio_features,74j34STf8L6uADnTN69ohv,spotify:track:74j34STf8L6uADnTN69ohv,https://api.spotify.com/v1/audio-analysis/74j34STf8L6uADnTN69ohv,289899.0,4.0
132,133,25/8,Bad Bunny,16081,https://open.spotify.com/track/4NqQaovM14WR2hNPMFxgjb,0.7609999999999999,0.732,4.0,-5.468999999999999,0.0,0.0549,0.092,0.0,0.0716,0.542,151.982,audio_features,4NqQaovM14WR2hNPMFxgjb,spotify:track:4NqQaovM14WR2hNPMFxgjb,https://api.spotify.com/v1/audio-analysis/4NqQaovM14WR2hNPMFxgjb,243276.0,4.0
133,134,Save Your Tears,The Weeknd,16030,https://open.spotify.com/track/5QO79kh1waicV47BqGRL3g,0.68,0.826,0.0,-5.487,1.0,0.0309,0.0212,1.24e-05,0.5429999999999999,0.644,118.051,audio_features,5QO79kh1waicV47BqGRL3g,spotify:track:5QO79kh1waicV47BqGRL3g,https://api.spotify.com/v1/audio-analysis/5QO79kh1waicV47BqGRL3g,215627.0,4.0
134,135,Girl,Myke Towers,16029,https://open.spotify.com/track/43NqTeL8pgBxKHPMiJKUP5,0.733,0.708,6.0,-4.957,1.0,0.0937,0.0325,0.000327,0.324,0.6940000000000001,93.021,audio_features,43NqTeL8pgBxKHPMiJKUP5,spotify:track:43NqTeL8pgBxKHPMiJKUP5,https://api.spotify.com/v1/audio-analysis/43NqTeL8pgBxKHPMiJKUP5,186427.0,4.0
135,136,Tussi,Arcangel,15860,https://open.spotify.com/track/3pnpENd2PXAKuetjLIylEr,0.833,0.8859999999999999,1.0,-4.7219999999999995,0.0,0.0607,0.256,0.0,0.08199999999999999,0.698,94.01799999999999,audio_features,3pnpENd2PXAKuetjLIylEr,spotify:track:3pnpENd2PXAKuetjLIylEr,https://api.spotify.com/v1/audio-analysis/3pnpENd2PXAKuetjLIylEr,189467.0,4.0
136,137,Por Primera Vez,Camilo,15815,https://open.spotify.com/track/0pgj4EzB1XRqgZemoMNG5D,0.72,0.606,1.0,-3.54,1.0,0.11599999999999999,0.14300000000000002,0.0,0.0824,0.805,165.882,audio_features,0pgj4EzB1XRqgZemoMNG5D,spotify:track:0pgj4EzB1XRqgZemoMNG5D,https://api.spotify.com/v1/audio-analysis/0pgj4EzB1XRqgZemoMNG5D,182709.0,4.0
137,138,Como Nene Con La Glock,Rochy RD,15781,https://open.spotify.com/track/0Ta8Zqcx4uWaB2TbVZD4Oh,0.84,0.568,8.0,-6.93,1.0,0.231,0.299,0.0,0.125,0.731,97.053,audio_features,0Ta8Zqcx4uWaB2TbVZD4Oh,spotify:track:0Ta8Zqcx4uWaB2TbVZD4Oh,https://api.spotify.com/v1/audio-analysis/0Ta8Zqcx4uWaB2TbVZD4Oh,190401.0,4.0
138,139,CANCIÓN CON YANDEL,Yandel,15732,https://open.spotify.com/track/3pm4XtcsRIFFtH2UErk62R,0.75,0.741,9.0,-4.43,1.0,0.402,0.447,0.0,0.121,0.495,79.968,audio_features,3pm4XtcsRIFFtH2UErk62R,spotify:track:3pm4XtcsRIFFtH2UErk62R,https://api.spotify.com/v1/audio-analysis/3pm4XtcsRIFFtH2UErk62R,209180.0,4.0
139,140,Adicto (with Anuel AA & Ozuna),Tainy,15462,https://open.spotify.com/track/3jbT1Y5MoPwEIpZndDDwVq,0.7340000000000001,0.836,10.0,-4.803,0.0,0.0735,0.017,1.64e-05,0.179,0.623,80.002,audio_features,3jbT1Y5MoPwEIpZndDDwVq,spotify:track:3jbT1Y5MoPwEIpZndDDwVq,https://api.spotify.com/v1/audio-analysis/3jbT1Y5MoPwEIpZndDDwVq,270741.0,4.0
140,141,Titanic,Kany Garcia,15384,https://open.spotify.com/track/7F1oLjSguGBvqsJLal7Rad,0.504,0.14,10.0,-12.318,1.0,0.0845,0.924,0.0,0.122,0.304,146.287,audio_features,7F1oLjSguGBvqsJLal7Rad,spotify:track:7F1oLjSguGBvqsJLal7Rad,https://api.spotify.com/v1/audio-analysis/7F1oLjSguGBvqsJLal7Rad,238628.0,4.0
141,142,Whoopty,CJ,15345,https://open.spotify.com/track/5vGLcdRuSbUhD8ScwsGSdA,,,,,,,,,,,,,,,,,
142,143,ADMV,Maluma,15300,https://open.spotify.com/track/4j3iq13kHs5PB94jdTp3Y3,0.561,0.39,9.0,-4.959,1.0,0.0568,0.8190000000000001,0.0,0.126,0.705,163.919,audio_features,4j3iq13kHs5PB94jdTp3Y3,spotify:track:4j3iq13kHs5PB94jdTp3Y3,https://api.spotify.com/v1/audio-analysis/4j3iq13kHs5PB94jdTp3Y3,193700.0,4.0
143,144,Más De La Una,Piso 21,15257,https://open.spotify.com/track/69Y5IZuBvGyzySFt5x7kCq,0.605,0.8,10.0,-3.0180000000000002,1.0,0.312,0.518,0.000128,0.0763,0.732,92.28399999999999,audio_features,69Y5IZuBvGyzySFt5x7kCq,spotify:track:69Y5IZuBvGyzySFt5x7kCq,https://api.spotify.com/v1/audio-analysis/69Y5IZuBvGyzySFt5x7kCq,236731.0,4.0
144,145,Singapur,El Alfa,15107,https://open.spotify.com/track/4QfZYDhGZc0T2RDvGiI69E,0.853,0.909,7.0,-2.4730000000000003,1.0,0.22899999999999998,0.0522,0.0223,0.129,0.8029999999999999,112.98700000000001,audio_features,4QfZYDhGZc0T2RDvGiI69E,spotify:track:4QfZYDhGZc0T2RDvGiI69E,https://api.spotify.com/v1/audio-analysis/4QfZYDhGZc0T2RDvGiI69E,178407.0,4.0
145,146,Fantasias,Rauw Alejandro,14925,https://open.spotify.com/track/6mAN61JH0dzyZpWslS11jy,0.879,0.703,1.0,-4.218999999999999,1.0,0.0701,0.14300000000000002,0.0,0.0569,0.7879999999999999,94.00399999999999,audio_features,6mAN61JH0dzyZpWslS11jy,spotify:track:6mAN61JH0dzyZpWslS11jy,https://api.spotify.com/v1/audio-analysis/6mAN61JH0dzyZpWslS11jy,199711.0,4.0
146,147,For The Night (feat. Lil Baby & DaBaby),Pop Smoke,14880,https://open.spotify.com/track/0PvFJmanyNQMseIFrU708S,0.823,0.586,6.0,-6.606,0.0,0.2,0.114,0.0,0.193,0.34700000000000003,125.971,audio_features,0PvFJmanyNQMseIFrU708S,spotify:track:0PvFJmanyNQMseIFrU708S,https://api.spotify.com/v1/audio-analysis/0PvFJmanyNQMseIFrU708S,190476.0,4.0
147,148,La Mejor Versión de Mi - Remix,Natti Natasha,14726,https://open.spotify.com/track/2dy3TKVDEbIeWxeIb8JWqZ,0.735,0.7120000000000001,11.0,-5.119,0.0,0.0326,0.732,0.0,0.302,0.894,131.938,audio_features,2dy3TKVDEbIeWxeIb8JWqZ,spotify:track:2dy3TKVDEbIeWxeIb8JWqZ,https://api.spotify.com/v1/audio-analysis/2dy3TKVDEbIeWxeIb8JWqZ,229333.0,4.0
148,149,Hawái - Remix,Maluma,14708,https://open.spotify.com/track/0GzuHFG4Ql6DoyxFRnIk3F,0.7659999999999999,0.7879999999999999,6.0,-3.128,0.0,0.312,0.105,5.81e-06,0.142,0.609,179.984,audio_features,0GzuHFG4Ql6DoyxFRnIk3F,spotify:track:0GzuHFG4Ql6DoyxFRnIk3F,https://api.spotify.com/v1/audio-analysis/0GzuHFG4Ql6DoyxFRnIk3F,200482.0,4.0
149,150,Watermelon Sugar,Harry Styles,14645,https://open.spotify.com/track/6UelLqGlWMcVH1E5c4H7lY,0.5479999999999999,0.816,0.0,-4.209,1.0,0.0465,0.122,0.0,0.335,0.557,95.39,audio_features,6UelLqGlWMcVH1E5c4H7lY,spotify:track:6UelLqGlWMcVH1E5c4H7lY,https://api.spotify.com/v1/audio-analysis/6UelLqGlWMcVH1E5c4H7lY,174000.0,4.0
150,151,Someone You Loved,Lewis Capaldi,14570,https://open.spotify.com/track/7qEHsqek33rTcFNT9PFqLf,0.501,0.405,1.0,-5.678999999999999,1.0,0.0319,0.7509999999999999,0.0,0.105,0.446,109.891,audio_features,7qEHsqek33rTcFNT9PFqLf,spotify:track:7qEHsqek33rTcFNT9PFqLf,https://api.spotify.com/v1/audio-analysis/7qEHsqek33rTcFNT9PFqLf,182161.0,4.0
151,152,Travesuras,Flow La Movie,14538,https://open.spotify.com/track/2etJ67Egf7woMgOikVrlJM,0.7559999999999999,0.83,1.0,-5.287999999999999,1.0,0.0842,0.182,0.000384,0.22699999999999998,0.42200000000000004,175.96099999999998,audio_features,2etJ67Egf7woMgOikVrlJM,spotify:track:2etJ67Egf7woMgOikVrlJM,https://api.spotify.com/v1/audio-analysis/2etJ67Egf7woMgOikVrlJM,204180.0,4.0
152,153,Bichiyal,Bad Bunny,14531,https://open.spotify.com/track/4j4w4CXm6BSr0s25wAWrrX,0.737,0.7659999999999999,10.0,-4.242,0.0,0.0458,0.31,6.63e-06,0.114,0.662,93.956,audio_features,4j4w4CXm6BSr0s25wAWrrX,spotify:track:4j4w4CXm6BSr0s25wAWrrX,https://api.spotify.com/v1/audio-analysis/4j4w4CXm6BSr0s25wAWrrX,196500.0,4.0
153,154,Good Days,SZA,14514,https://open.spotify.com/track/3YJJjQPAbDT7mGpX3WtQ9A,0.436,0.655,1.0,-8.37,0.0,0.0583,0.499,8.1e-06,0.688,0.41200000000000003,121.00200000000001,audio_features,3YJJjQPAbDT7mGpX3WtQ9A,spotify:track:3YJJjQPAbDT7mGpX3WtQ9A,https://api.spotify.com/v1/audio-analysis/3YJJjQPAbDT7mGpX3WtQ9A,279204.0,4.0
154,155,Una Vez,Bad Bunny,14507,https://open.spotify.com/track/5J7teKIJGtqVypgYI6sqXj,0.55,0.598,11.0,-5.402,0.0,0.0831,0.132,2.58e-06,0.0955,0.5429999999999999,83.836,audio_features,5J7teKIJGtqVypgYI6sqXj,spotify:track:5J7teKIJGtqVypgYI6sqXj,https://api.spotify.com/v1/audio-analysis/5J7teKIJGtqVypgYI6sqXj,232496.0,4.0
155,156,Therefore I Am,Billie Eilish,14494,https://open.spotify.com/track/54bFM56PmE4YLRnqpW6Tha,0.889,0.34,11.0,-7.773,0.0,0.0697,0.218,0.13,0.055,0.716,94.009,audio_features,54bFM56PmE4YLRnqpW6Tha,spotify:track:54bFM56PmE4YLRnqpW6Tha,https://api.spotify.com/v1/audio-analysis/54bFM56PmE4YLRnqpW6Tha,174321.0,4.0
156,157,China,Anuel AA,14437,https://open.spotify.com/track/0KkIkfsLEJbrcIhYsCL7L5,0.7859999999999999,0.8079999999999999,7.0,-3.702,1.0,0.0881,0.0846,0.00028900000000000003,0.0822,0.608,105.029,audio_features,0KkIkfsLEJbrcIhYsCL7L5,spotify:track:0KkIkfsLEJbrcIhYsCL7L5,https://api.spotify.com/v1/audio-analysis/0KkIkfsLEJbrcIhYsCL7L5,301714.0,4.0
157,158,Snowman,Sia,14426,https://open.spotify.com/track/7uoFMmxln0GPXQ0AcCBXRq,0.716,0.512,1.0,-6.257000000000001,1.0,0.0331,0.483,0.0,0.0928,0.326,104.95700000000001,audio_features,7uoFMmxln0GPXQ0AcCBXRq,spotify:track:7uoFMmxln0GPXQ0AcCBXRq,https://api.spotify.com/v1/audio-analysis/7uoFMmxln0GPXQ0AcCBXRq,165907.0,3.0
158,159,"Coño (with Puri, Bulin 47, El Bloonel, Bulova, Quimico Ultra Mega & El Tonto) - Remix",Ceky Viciny,14163,https://open.spotify.com/track/5YnqNIcBAA8FvL3AUnmltp,0.9109999999999999,0.737,9.0,-4.191,1.0,0.265,0.172,1.76e-06,0.0677,0.693,103.988,audio_features,5YnqNIcBAA8FvL3AUnmltp,spotify:track:5YnqNIcBAA8FvL3AUnmltp,https://api.spotify.com/v1/audio-analysis/5YnqNIcBAA8FvL3AUnmltp,249287.0,4.0
159,160,Loco - Remix,Farruko,14115,https://open.spotify.com/track/6nGM44ZP7vSo0istUW2MOq,0.9079999999999999,0.529,6.0,-7.032,1.0,0.135,0.157,0.00014199999999999998,0.0634,0.743,105.021,audio_features,6nGM44ZP7vSo0istUW2MOq,spotify:track:6nGM44ZP7vSo0istUW2MOq,https://api.spotify.com/v1/audio-analysis/6nGM44ZP7vSo0istUW2MOq,248500.0,4.0
160,161,Corazon de Acero,Yiyo Sarante,14085,https://open.spotify.com/track/2fM9D3e5pyVBzqOBgMC8ap,0.715,0.721,5.0,-5.654,0.0,0.0435,0.46399999999999997,2.83e-06,0.0613,0.9440000000000001,170.095,audio_features,2fM9D3e5pyVBzqOBgMC8ap,spotify:track:2fM9D3e5pyVBzqOBgMC8ap,https://api.spotify.com/v1/audio-analysis/2fM9D3e5pyVBzqOBgMC8ap,224496.0,4.0
161,162,Toda Remix - Remix,Alex Rose,13852,https://open.spotify.com/track/47ZS1OjnJpJVfGN9yHXfMn,0.512,0.451,5.0,-7.222,0.0,0.131,0.161,0.0,0.0672,0.368,80.04,audio_features,47ZS1OjnJpJVfGN9yHXfMn,spotify:track:47ZS1OjnJpJVfGN9yHXfMn,https://api.spotify.com/v1/audio-analysis/47ZS1OjnJpJVfGN9yHXfMn,367680.0,4.0
162,163,Sigues Con El - Remix,Arcangel,13822,https://open.spotify.com/track/5HokHzcT1yQtsy7lLagEiA,,,,,,,,,,,,,,,,,
163,164,Extasy,Myke Towers,13783,https://open.spotify.com/track/4hnwfhQbZKaNpC1q9zgB4A,0.527,0.667,0.0,-4.97,1.0,0.262,0.287,0.039,0.113,0.46299999999999997,97.959,audio_features,4hnwfhQbZKaNpC1q9zgB4A,spotify:track:4hnwfhQbZKaNpC1q9zgB4A,https://api.spotify.com/v1/audio-analysis/4hnwfhQbZKaNpC1q9zgB4A,187192.0,4.0
164,165,"Lemonade (feat. Gunna, Don Toliver & NAV)",Internet Money,13736,https://open.spotify.com/track/7hxHWCCAIIxFLCzvDgnQHX,0.8,0.6579999999999999,1.0,-6.142,0.0,0.079,0.25,0.0,0.111,0.462,140.042,audio_features,7hxHWCCAIIxFLCzvDgnQHX,spotify:track:7hxHWCCAIIxFLCzvDgnQHX,https://api.spotify.com/v1/audio-analysis/7hxHWCCAIIxFLCzvDgnQHX,195429.0,4.0
165,166,Lonely (with benny blanco),Justin Bieber,13614,https://open.spotify.com/track/4y4spB9m0Q6026KfkAvy9Q,0.631,0.239,11.0,-7.071000000000001,0.0,0.0398,0.8640000000000001,0.0,0.11599999999999999,0.0927,79.859,audio_features,4y4spB9m0Q6026KfkAvy9Q,spotify:track:4y4spB9m0Q6026KfkAvy9Q,https://api.spotify.com/v1/audio-analysis/4y4spB9m0Q6026KfkAvy9Q,149297.0,4.0
166,167,Don't Start Now,Dua Lipa,13575,https://open.spotify.com/track/3PfIrDoz19wz7qK7tYeu62,0.7929999999999999,0.7929999999999999,11.0,-4.521,0.0,0.083,0.0123,0.0,0.0951,0.679,123.95,audio_features,3PfIrDoz19wz7qK7tYeu62,spotify:track:3PfIrDoz19wz7qK7tYeu62,https://api.spotify.com/v1/audio-analysis/3PfIrDoz19wz7qK7tYeu62,183290.0,4.0
167,168,Bebida Hookah Party,El Alfa,13557,https://open.spotify.com/track/2UWBxYXPZa5j90pazGkEL1,0.94,0.873,0.0,-4.539,1.0,0.25,0.124,2.7000000000000002e-05,0.856,0.423,118.046,audio_features,2UWBxYXPZa5j90pazGkEL1,spotify:track:2UWBxYXPZa5j90pazGkEL1,https://api.spotify.com/v1/audio-analysis/2UWBxYXPZa5j90pazGkEL1,190169.0,4.0
168,169,Narcos,Anuel AA,13552,https://open.spotify.com/track/7mcdgAXmb35dakBnfDIv3q,0.614,0.746,10.0,-3.5269999999999997,0.0,0.196,0.34700000000000003,1.4300000000000002e-05,0.0874,0.601,168.072,audio_features,7mcdgAXmb35dakBnfDIv3q,spotify:track:7mcdgAXmb35dakBnfDIv3q,https://api.spotify.com/v1/audio-analysis/7mcdgAXmb35dakBnfDIv3q,259250.0,4.0
169,170,BYE ME FUI,Bad Bunny,13501,https://open.spotify.com/track/0FktnzDqjClqU6iqOZVEs2,0.7120000000000001,0.599,5.0,-6.3420000000000005,0.0,0.11199999999999999,0.41200000000000003,2.15e-05,0.10300000000000001,0.588,179.78799999999998,audio_features,0FktnzDqjClqU6iqOZVEs2,spotify:track:0FktnzDqjClqU6iqOZVEs2,https://api.spotify.com/v1/audio-analysis/0FktnzDqjClqU6iqOZVEs2,178000.0,4.0
170,171,Te Soñé,Jay Wheeler,13463,https://open.spotify.com/track/442FV16HuyEMgy7auT88hB,0.742,0.294,7.0,-8.151,1.0,0.0443,0.8079999999999999,3.23e-06,0.6609999999999999,0.188,100.015,audio_features,442FV16HuyEMgy7auT88hB,spotify:track:442FV16HuyEMgy7auT88hB,https://api.spotify.com/v1/audio-analysis/442FV16HuyEMgy7auT88hB,216661.0,4.0
171,172,Los Bobo Son Mio,Haraca Kiko,13426,https://open.spotify.com/track/5NcQz7GySYVN5vyx5r0OIl,0.975,0.847,6.0,-3.326,0.0,0.293,0.163,0.000942,0.501,0.867,118.023,audio_features,5NcQz7GySYVN5vyx5r0OIl,spotify:track:5NcQz7GySYVN5vyx5r0OIl,https://api.spotify.com/v1/audio-analysis/5NcQz7GySYVN5vyx5r0OIl,131870.0,4.0
172,173,Trap Pea,El Alfa,13420,https://open.spotify.com/track/7d9ybTfliQ5iOJB0i364OS,0.9690000000000001,0.889,4.0,-2.0,1.0,0.20199999999999999,0.0083,0.00214,0.134,0.626,117.009,audio_features,7d9ybTfliQ5iOJB0i364OS,spotify:track:7d9ybTfliQ5iOJB0i364OS,https://api.spotify.com/v1/audio-analysis/7d9ybTfliQ5iOJB0i364OS,228462.0,4.0
173,174,Monster (Shawn Mendes & Justin Bieber),Shawn Mendes,13376,https://open.spotify.com/track/1HbA4N1MiOsPthALesGFR1,0.64,0.392,2.0,-7.246,0.0,0.0574,0.0593,0.0,0.0839,0.502,145.838,audio_features,1HbA4N1MiOsPthALesGFR1,spotify:track:1HbA4N1MiOsPthALesGFR1,https://api.spotify.com/v1/audio-analysis/1HbA4N1MiOsPthALesGFR1,178994.0,4.0
174,175,Nada,Cali Y El Dandee,13338,https://open.spotify.com/track/4K8cyoCDovlc4FvtUr2Hfx,0.684,0.8079999999999999,0.0,-2.737,1.0,0.061,0.0518,1.0199999999999999e-05,0.0858,0.7120000000000001,173.905,audio_features,4K8cyoCDovlc4FvtUr2Hfx,spotify:track:4K8cyoCDovlc4FvtUr2Hfx,https://api.spotify.com/v1/audio-analysis/4K8cyoCDovlc4FvtUr2Hfx,174027.0,4.0
175,176,Anyone,Justin Bieber,13267,https://open.spotify.com/track/31qCy5ZaophVA81wtlwLc4,0.6859999999999999,0.5379999999999999,2.0,-8.026,1.0,0.0345,0.18100000000000002,3.13e-06,0.113,0.584,115.884,audio_features,31qCy5ZaophVA81wtlwLc4,spotify:track:31qCy5ZaophVA81wtlwLc4,https://api.spotify.com/v1/audio-analysis/31qCy5ZaophVA81wtlwLc4,190779.0,4.0
176,177,Levitating (feat. DaBaby),Dua Lipa,13112,https://open.spotify.com/track/5nujrmhLynf4yMoMtj8AQF,0.7020000000000001,0.825,6.0,-3.787,0.0,0.0601,0.00883,0.0,0.0674,0.915,102.977,audio_features,5nujrmhLynf4yMoMtj8AQF,spotify:track:5nujrmhLynf4yMoMtj8AQF,https://api.spotify.com/v1/audio-analysis/5nujrmhLynf4yMoMtj8AQF,203064.0,4.0
177,178,Tutu,Camilo,12813,https://open.spotify.com/track/1Ol5LmdNDNpFu1oNwfgkux,0.727,0.838,9.0,-2.435,1.0,0.0472,0.297,0.0,0.0603,0.9329999999999999,145.995,audio_features,1Ol5LmdNDNpFu1oNwfgkux,spotify:track:1Ol5LmdNDNpFu1oNwfgkux,https://api.spotify.com/v1/audio-analysis/1Ol5LmdNDNpFu1oNwfgkux,179339.0,4.0
178,179,La Mitad,Camilo,12797,https://open.spotify.com/track/63Zaf8Rci6eOUPqDQ4fUFx,0.7240000000000001,0.44299999999999995,7.0,-3.7430000000000003,1.0,0.0329,0.73,0.0,0.10099999999999999,0.763,97.194,audio_features,63Zaf8Rci6eOUPqDQ4fUFx,spotify:track:63Zaf8Rci6eOUPqDQ4fUFx,https://api.spotify.com/v1/audio-analysis/63Zaf8Rci6eOUPqDQ4fUFx,177791.0,4.0
179,180,Dance Monkey,Tones And I,12795,https://open.spotify.com/track/1rgnBhdG2JDFTbYkYRZAku,0.825,0.593,6.0,-6.401,0.0,0.0988,0.688,0.000161,0.17,0.54,98.07799999999999,audio_features,1rgnBhdG2JDFTbYkYRZAku,spotify:track:1rgnBhdG2JDFTbYkYRZAku,https://api.spotify.com/v1/audio-analysis/1rgnBhdG2JDFTbYkYRZAku,209755.0,4.0
180,181,Salvame,Yiyo Sarante,12782,https://open.spotify.com/track/7gcVQ4lFv60pWDdF2zZyQ1,0.614,0.7070000000000001,6.0,-7.9,1.0,0.0495,0.585,0.00151,0.0891,0.956,179.972,audio_features,7gcVQ4lFv60pWDdF2zZyQ1,spotify:track:7gcVQ4lFv60pWDdF2zZyQ1,https://api.spotify.com/v1/audio-analysis/7gcVQ4lFv60pWDdF2zZyQ1,279708.0,4.0
181,182,De Vuelta Pa' La Vuelta,Daddy Yankee,12781,https://open.spotify.com/track/7AUhck1sPy11OExQmDDx4P,0.665,0.94,5.0,-3.6060000000000003,1.0,0.0553,0.434,0.0,0.0914,0.752,93.725,audio_features,7AUhck1sPy11OExQmDDx4P,spotify:track:7AUhck1sPy11OExQmDDx4P,https://api.spotify.com/v1/audio-analysis/7AUhck1sPy11OExQmDDx4P,231593.0,4.0
182,183,Rkt,Adexe & Nau,12651,https://open.spotify.com/track/0bE62mn4IJnkywmmhCYguF,0.9440000000000001,0.435,2.0,-8.795,1.0,0.0613,0.133,1.03e-06,0.102,0.632,115.007,audio_features,0bE62mn4IJnkywmmhCYguF,spotify:track:0bE62mn4IJnkywmmhCYguF,https://api.spotify.com/v1/audio-analysis/0bE62mn4IJnkywmmhCYguF,170968.0,4.0
183,184,Djadja (feat. Maluma) - Remix,Aya Nakamura,12416,https://open.spotify.com/track/13vDU8nPsvTGEVTMB8Vw7g,0.7909999999999999,0.682,5.0,-7.327999999999999,1.0,0.158,0.175,0.0,0.0926,0.672,98.031,audio_features,13vDU8nPsvTGEVTMB8Vw7g,spotify:track:13vDU8nPsvTGEVTMB8Vw7g,https://api.spotify.com/v1/audio-analysis/13vDU8nPsvTGEVTMB8Vw7g,166851.0,4.0
184,185,Para Siempre,Kany Garcia,12306,https://open.spotify.com/track/3w6HBymB6v99gmhz4aiX1g,0.725,0.478,9.0,-6.814,1.0,0.0752,0.866,0.0,0.105,0.39899999999999997,80.127,audio_features,3w6HBymB6v99gmhz4aiX1g,spotify:track:3w6HBymB6v99gmhz4aiX1g,https://api.spotify.com/v1/audio-analysis/3w6HBymB6v99gmhz4aiX1g,201600.0,4.0
185,186,Laugh Now Cry Later (feat. Lil Durk),Drake,12297,https://open.spotify.com/track/2SAqBLGA283SUiwJ3xOUVI,0.7609999999999999,0.518,0.0,-8.871,1.0,0.134,0.244,3.47e-05,0.107,0.522,133.976,audio_features,2SAqBLGA283SUiwJ3xOUVI,spotify:track:2SAqBLGA283SUiwJ3xOUVI,https://api.spotify.com/v1/audio-analysis/2SAqBLGA283SUiwJ3xOUVI,261493.0,4.0
186,187,Victoria,Lunay,12246,https://open.spotify.com/track/2BxzmBb2uqwnpyVuJqIIV9,0.672,0.6829999999999999,11.0,-4.433,0.0,0.105,0.542,0.0,0.203,0.568,88.042,audio_features,2BxzmBb2uqwnpyVuJqIIV9,spotify:track:2BxzmBb2uqwnpyVuJqIIV9,https://api.spotify.com/v1/audio-analysis/2BxzmBb2uqwnpyVuJqIIV9,223488.0,4.0
187,188,What You Know Bout Love,Pop Smoke,12201,https://open.spotify.com/track/1tkg4EHVoqnhR6iFEXb60y,0.7090000000000001,0.5479999999999999,10.0,-8.493,1.0,0.353,0.65,1.59e-06,0.133,0.5429999999999999,83.995,audio_features,1tkg4EHVoqnhR6iFEXb60y,spotify:track:1tkg4EHVoqnhR6iFEXb60y,https://api.spotify.com/v1/audio-analysis/1tkg4EHVoqnhR6iFEXb60y,160000.0,4.0
188,189,Kemba Walker,Eladio Carrion,12190,https://open.spotify.com/track/4jhHaLksdP8DJZzxYAjOSz,,,,,,,,,,,,,,,,,
189,190,Soy Una Gargola,Rauw Alejandro,12139,https://open.spotify.com/track/4bEwaORm2IBfu3omjEna7I,0.836,0.711,4.0,-3.377,0.0,0.195,0.131,0.0,0.401,0.618,94.03399999999999,audio_features,4bEwaORm2IBfu3omjEna7I,spotify:track:4bEwaORm2IBfu3omjEna7I,https://api.spotify.com/v1/audio-analysis/4bEwaORm2IBfu3omjEna7I,249344.0,4.0
190,191,Soltera - Remix,Lunay,12133,https://open.spotify.com/track/4t9a07PAghtQMRAIP9FQ7Z,0.795,0.7829999999999999,5.0,-4.271,1.0,0.0432,0.361,0.0,0.43700000000000006,0.799,92.01,audio_features,4t9a07PAghtQMRAIP9FQ7Z,spotify:track:4t9a07PAghtQMRAIP9FQ7Z,https://api.spotify.com/v1/audio-analysis/4t9a07PAghtQMRAIP9FQ7Z,266087.0,4.0
191,192,pov,Ariana Grande,12061,https://open.spotify.com/track/3UoULw70kMsiVXxW0L3A33,0.48700000000000004,0.534,0.0,-5.664,0.0,0.0555,0.36,0.0,0.1,0.17300000000000001,131.798,audio_features,3UoULw70kMsiVXxW0L3A33,spotify:track:3UoULw70kMsiVXxW0L3A33,https://api.spotify.com/v1/audio-analysis/3UoULw70kMsiVXxW0L3A33,201882.0,4.0
192,193,Kobe En LA,Jhay Cortez,12050,https://open.spotify.com/track/4bmMAGg2sb9IWUgB0wTVov,0.767,0.757,1.0,-5.513999999999999,1.0,0.062,0.07200000000000001,2.5e-06,0.336,0.573,96.06200000000001,audio_features,4bmMAGg2sb9IWUgB0wTVov,spotify:track:4bmMAGg2sb9IWUgB0wTVov,https://api.spotify.com/v1/audio-analysis/4bmMAGg2sb9IWUgB0wTVov,225787.0,4.0
193,194,Me Dediqué a Perderte,Alejandro Fernández,12022,https://open.spotify.com/track/4NUt1fcnO9aQAELBgXq3Kr,0.642,0.442,8.0,-9.115,1.0,0.07400000000000001,0.491,1.58e-06,0.102,0.465,148.01,audio_features,4NUt1fcnO9aQAELBgXq3Kr,spotify:track:4NUt1fcnO9aQAELBgXq3Kr,https://api.spotify.com/v1/audio-analysis/4NUt1fcnO9aQAELBgXq3Kr,231773.0,4.0
194,195,Heather,Conan Gray,12013,https://open.spotify.com/track/4xqrdfXkTW4T0RauPLv3WA,0.35700000000000004,0.425,5.0,-7.301,1.0,0.0333,0.584,0.0,0.322,0.27,102.07799999999999,audio_features,4xqrdfXkTW4T0RauPLv3WA,spotify:track:4xqrdfXkTW4T0RauPLv3WA,https://api.spotify.com/v1/audio-analysis/4xqrdfXkTW4T0RauPLv3WA,198040.0,3.0
195,196,Medusa,Jhay Cortez,11991,https://open.spotify.com/track/3qM0vBxIe4VUbK0Z0smuVP,0.8859999999999999,0.604,0.0,-7.292999999999999,1.0,0.20800000000000002,0.19399999999999998,3.15e-06,0.107,0.38299999999999995,98.023,audio_features,3qM0vBxIe4VUbK0Z0smuVP,spotify:track:3qM0vBxIe4VUbK0Z0smuVP,https://api.spotify.com/v1/audio-analysis/3qM0vBxIe4VUbK0Z0smuVP,305333.0,4.0
196,197,"PORFA Remix ( Feat. Maluma, Nicky Jam, Sech) - Remix",Feid,11963,https://open.spotify.com/track/7lUdbnz7wsv3C9zzf4WHl9,0.7929999999999999,0.737,6.0,-4.731,0.0,0.0785,0.0765,0.0,0.0747,0.6970000000000001,167.96900000000002,audio_features,7lUdbnz7wsv3C9zzf4WHl9,spotify:track:7lUdbnz7wsv3C9zzf4WHl9,https://api.spotify.com/v1/audio-analysis/7lUdbnz7wsv3C9zzf4WHl9,333800.0,4.0
197,198,Sobredosis (feat. Ozuna),Romeo Santos,11899,https://open.spotify.com/track/1WbXIpiGBJkCiv3hn40iPB,0.759,0.639,4.0,-8.085,0.0,0.0511,0.207,0.0,0.23,0.682,128.01,audio_features,1WbXIpiGBJkCiv3hn40iPB,spotify:track:1WbXIpiGBJkCiv3hn40iPB,https://api.spotify.com/v1/audio-analysis/1WbXIpiGBJkCiv3hn40iPB,198332.0,4.0
198,199,Miedito o Qué? (feat. KAROL G),Ovy On The Drums,11668,https://open.spotify.com/track/7MoZgM6AsQaZw14WnKopuy,0.851,0.7759999999999999,6.0,-3.2539999999999996,1.0,0.0561,0.12,0.0,0.1,0.804,95.995,audio_features,7MoZgM6AsQaZw14WnKopuy,spotify:track:7MoZgM6AsQaZw14WnKopuy,https://api.spotify.com/v1/audio-analysis/7MoZgM6AsQaZw14WnKopuy,209905.0,4.0
199,200,Si Se Da - Remix,Myke Towers,11573,https://open.spotify.com/track/6K5BsR04ijf3FHNzjbaagD,0.8170000000000001,0.672,11.0,-5.612,0.0,0.299,0.441,0.0,0.13,0.774,93.999,audio_features,6K5BsR04ijf3FHNzjbaagD,spotify:track:6K5BsR04ijf3FHNzjbaagD,https://api.spotify.com/v1/audio-analysis/6K5BsR04ijf3FHNzjbaagD,332240.0,4.0
